no,screen,object_type,tag_name,plc_address,direction,data_type,display_name,description,source,source_field,review_required,confirmed_for_plc_run
1,Overview,level_indicator,T1_LEVEL_ANALOG_4_20MA,AI000,read_only,REAL,T1_LEVEL_ANALOG_4_20MA,원본 hmi_screen_spec.tag_table 기반 HMI 태그 후보,hmi_screen_spec.tag_table,hmi_screen_spec.tag_table,True,False
2,Overview,level_indicator,T2_LEVEL_ANALOG_4_20MA,AI001,read_only,REAL,T2_LEVEL_ANALOG_4_20MA,원본 hmi_screen_spec.tag_table 기반 HMI 태그 후보,hmi_screen_spec.tag_table,hmi_screen_spec.tag_table,True,False
3,00_SYSTEM_OPERATION,status_lamp,ESTOP_OK,X00000,read_only,BOOL,ESTOP_OK,ESTOP_OK,io_map_fallback,io_map,True,False
4,09_IO_STATUS_DETAIL,status_lamp,SAFETY_IN_001_STATUS,X00001,read_only,BOOL,SAFETY_IN_001_STATUS,SAFETY_IN_001_STATUS,io_map_fallback,io_map,True,False
5,09_IO_STATUS_DETAIL,status_lamp,SAFETY_IN_002_STATUS,X00002,read_only,BOOL,SAFETY_IN_002_STATUS,SAFETY_IN_002_STATUS,io_map_fallback,io_map,True,False
6,04_LEAK_SAFETY_MONITOR,safety_indicator,LEAK_DETECT_OK,X00003,read_only,BOOL,LEAK_DETECT_OK,LEAK_DETECT_OK,io_map_fallback,io_map,True,False
7,09_IO_STATUS_DETAIL,status_lamp,AIR_IN_001_OK_FB,X00004,read_only,BOOL,AIR_IN_001_OK_FB,AIR_IN_001_OK_FB,io_map_fallback,io_map,True,False
8,09_IO_STATUS_DETAIL,status_lamp,GEN_IN_001_STATUS,X00005,read_only,BOOL,GEN_IN_001_STATUS,GEN_IN_001_STATUS,io_map_fallback,io_map,True,False
9,09_IO_STATUS_DETAIL,status_lamp,GEN_IN_002_STATUS,X00006,read_only,BOOL,GEN_IN_002_STATUS,GEN_IN_002_STATUS,io_map_fallback,io_map,True,False
10,09_IO_STATUS_DETAIL,control_button_or_command,START_PB,X00007,read_write_candidate,BOOL,START_PB,START_PB,io_map_fallback,io_map,True,False
11,09_IO_STATUS_DETAIL,control_button_or_command,STOP_PB,X00008,read_write_candidate,BOOL,STOP_PB,STOP_PB,io_map_fallback,io_map,True,False
12,00_SYSTEM_OPERATION,control_button_or_command,RESET_PB,X00009,read_write_candidate,BOOL,RESET_PB,RESET_PB,io_map_fallback,io_map,True,False
13,01_TANK_LEVEL_OVERVIEW,level_indicator,INLET_TANK_LEVEL_LOW_OK,X00010,read_only,BOOL,INLET_TANK_LEVEL_LOW_OK,INLET_TANK_LEVEL_LOW_OK,io_map_fallback,io_map,True,False
14,01_TANK_LEVEL_OVERVIEW,level_indicator,INLET_TANK_LEVEL_HIGH_HIGH_FB,X00011,read_only,BOOL,INLET_TANK_LEVEL_HIGH_HIGH_FB,INLET_TANK_LEVEL_HIGH_HIGH_FB,io_map_fallback,io_map,True,False
15,01_TANK_LEVEL_OVERVIEW,level_indicator,CHEM_TANK_LEVEL_LOW_OK,X00012,read_only,BOOL,CHEM_TANK_LEVEL_LOW_OK,CHEM_TANK_LEVEL_LOW_OK,io_map_fallback,io_map,True,False
16,01_TANK_LEVEL_OVERVIEW,level_indicator,CHEM_TANK_LEVEL_HIGH_HIGH_FB,X00013,read_only,BOOL,CHEM_TANK_LEVEL_HIGH_HIGH_FB,CHEM_TANK_LEVEL_HIGH_HIGH_FB,io_map_fallback,io_map,True,False
17,01_TANK_LEVEL_OVERVIEW,level_indicator,NEUTRAL_TANK_LEVEL_LOW_OK,X00014,read_only,BOOL,NEUTRAL_TANK_LEVEL_LOW_OK,NEUTRAL_TANK_LEVEL_LOW_OK,io_map_fallback,io_map,True,False
18,01_TANK_LEVEL_OVERVIEW,level_indicator,NEUTRAL_TANK_LEVEL_HIGH_HIGH_FB,X00015,read_only,BOOL,NEUTRAL_TANK_LEVEL_HIGH_HIGH_FB,NEUTRAL_TANK_LEVEL_HIGH_HIGH_FB,io_map_fallback,io_map,True,False
19,01_TANK_LEVEL_OVERVIEW,level_indicator,RINSE_TANK_LEVEL_LOW_OK,X00016,read_only,BOOL,RINSE_TANK_LEVEL_LOW_OK,RINSE_TANK_LEVEL_LOW_OK,io_map_fallback,io_map,True,False
20,01_TANK_LEVEL_OVERVIEW,level_indicator,RINSE_TANK_LEVEL_HIGH_HIGH_FB,X00017,read_only,BOOL,RINSE_TANK_LEVEL_HIGH_HIGH_FB,RINSE_TANK_LEVEL_HIGH_HIGH_FB,io_map_fallback,io_map,True,False
21,09_IO_STATUS_DETAIL,status_lamp,SLUDGE_LINE_PRESSURE_OK,X00018,read_only,BOOL,SLUDGE_LINE_PRESSURE_OK,SLUDGE_LINE_PRESSURE_OK,io_map_fallback,io_map,True,False
22,05_FLOW_MONITOR,flow_status,FINAL_FLOW_OK,X00019,read_only,BOOL,FINAL_FLOW_OK,FINAL_FLOW_OK,io_map_fallback,io_map,True,False
23,09_IO_STATUS_DETAIL,status_lamp,PH_IN_RANGE,X00020,read_only,BOOL,PH_IN_RANGE,PH_IN_RANGE,io_map_fallback,io_map,True,False
24,09_IO_STATUS_DETAIL,status_lamp,GEN_IN_001_OK_FB,X00021,read_only,BOOL,GEN_IN_001_OK_FB,GEN_IN_001_OK_FB,io_map_fallback,io_map,True,False
25,09_IO_STATUS_DETAIL,status_lamp,CONVEYOR_01_OK_FB,X00022,read_only,BOOL,CONVEYOR_001_OK_FB,CONVEYOR_001_OK_FB,io_map_fallback,io_map,True,False
26,09_IO_STATUS_DETAIL,status_lamp,GEN_IN_002_OK_FB,X00023,read_only,BOOL,GEN_IN_002_OK_FB,GEN_IN_002_OK_FB,io_map_fallback,io_map,True,False
27,09_IO_STATUS_DETAIL,status_lamp,BLOWER_001_OL_FB,X00024,read_only,BOOL,BLOWER_001_OL_FB,BLOWER_001_OL_FB,io_map_fallback,io_map,True,False
28,09_IO_STATUS_DETAIL,status_lamp,FAN_001_OL_FB,X00025,read_only,BOOL,FAN_001_OL_FB,FAN_001_OL_FB,io_map_fallback,io_map,True,False
29,03_VALVE_STATUS_CONTROL,valve_status,GEN_VALVE_001_OPEN_FB,X00026,read_only,BOOL,GEN_VALVE_001_OPEN_FB,GEN_VALVE_001_OPEN_FB,io_map_fallback,io_map,True,False
30,03_VALVE_STATUS_CONTROL,valve_status,GEN_VALVE_001_CLOSE_FB,X00027,read_only,BOOL,GEN_VALVE_001_CLOSE_FB,GEN_VALVE_001_CLOSE_FB,io_map_fallback,io_map,True,False
31,03_VALVE_STATUS_CONTROL,valve_status,GEN_VALVE_002_OPEN_FB,X00028,read_only,BOOL,GEN_VALVE_002_OPEN_FB,GEN_VALVE_002_OPEN_FB,io_map_fallback,io_map,True,False
32,03_VALVE_STATUS_CONTROL,valve_status,GEN_VALVE_002_CLOSE_FB,X00029,read_only,BOOL,GEN_VALVE_002_CLOSE_FB,GEN_VALVE_002_CLOSE_FB,io_map_fallback,io_map,True,False
33,03_VALVE_STATUS_CONTROL,valve_status,GEN_VALVE_003_OPEN_FB,X00030,read_only,BOOL,GEN_VALVE_003_OPEN_FB,GEN_VALVE_003_OPEN_FB,io_map_fallback,io_map,True,False
34,03_VALVE_STATUS_CONTROL,valve_status,GEN_VALVE_004_OPEN_FB,X00032,read_only,BOOL,GEN_VALVE_004_OPEN_FB,GEN_VALVE_004_OPEN_FB,io_map_fallback,io_map,True,False
35,03_VALVE_STATUS_CONTROL,valve_status,GEN_VALVE_005_OPEN_FB,X00034,read_only,BOOL,GEN_VALVE_005_OPEN_FB,GEN_VALVE_005_OPEN_FB,io_map_fallback,io_map,True,False
36,03_VALVE_STATUS_CONTROL,valve_status,GEN_VALVE_006_OPEN_FB,X00036,read_only,BOOL,GEN_VALVE_006_OPEN_FB,GEN_VALVE_006_OPEN_FB,io_map_fallback,io_map,True,False
37,03_VALVE_STATUS_CONTROL,valve_status,GEN_VALVE_007_OPEN_FB,X00038,read_only,BOOL,GEN_VALVE_007_OPEN_FB,GEN_VALVE_007_OPEN_FB,io_map_fallback,io_map,True,False
38,03_VALVE_STATUS_CONTROL,valve_status,GEN_VALVE_008_OPEN_FB,X00040,read_only,BOOL,GEN_VALVE_008_OPEN_FB,GEN_VALVE_008_OPEN_FB,io_map_fallback,io_map,True,False
39,03_VALVE_STATUS_CONTROL,valve_status,GEN_VALVE_009_OPEN_FB,X00042,read_only,BOOL,GEN_VALVE_009_OPEN_FB,GEN_VALVE_009_OPEN_FB,io_map_fallback,io_map,True,False
40,03_VALVE_STATUS_CONTROL,valve_status,GEN_VALVE_010_OPEN_FB,X00044,read_only,BOOL,GEN_VALVE_010_OPEN_FB,GEN_VALVE_010_OPEN_FB,io_map_fallback,io_map,True,False
41,03_VALVE_STATUS_CONTROL,valve_status,GEN_VALVE_011_OPEN_FB,X00046,read_only,BOOL,GEN_VALVE_011_OPEN_FB,GEN_VALVE_011_OPEN_FB,io_map_fallback,io_map,True,False
42,03_VALVE_STATUS_CONTROL,valve_status,GEN_VALVE_012_OPEN_FB,X00048,read_only,BOOL,GEN_VALVE_012_OPEN_FB,GEN_VALVE_012_OPEN_FB,io_map_fallback,io_map,True,False
43,03_VALVE_STATUS_CONTROL,valve_status,GEN_VALVE_013_OPEN_FB,X00050,read_only,BOOL,GEN_VALVE_013_OPEN_FB,GEN_VALVE_013_OPEN_FB,io_map_fallback,io_map,True,False
44,03_VALVE_STATUS_CONTROL,valve_status,GEN_VALVE_014_OPEN_FB,X00052,read_only,BOOL,GEN_VALVE_014_OPEN_FB,GEN_VALVE_014_OPEN_FB,io_map_fallback,io_map,True,False
45,03_VALVE_STATUS_CONTROL,valve_status,GEN_VALVE_015_OPEN_FB,X00054,read_only,BOOL,GEN_VALVE_015_OPEN_FB,GEN_VALVE_015_OPEN_FB,io_map_fallback,io_map,True,False
46,03_VALVE_STATUS_CONTROL,valve_status,GEN_VALVE_016_OPEN_FB,X00056,read_only,BOOL,GEN_VALVE_016_OPEN_FB,GEN_VALVE_016_OPEN_FB,io_map_fallback,io_map,True,False
47,03_VALVE_STATUS_CONTROL,valve_status,GEN_VALVE_017_OPEN_FB,X00058,read_only,BOOL,GEN_VALVE_017_OPEN_FB,GEN_VALVE_017_OPEN_FB,io_map_fallback,io_map,True,False
48,03_VALVE_STATUS_CONTROL,valve_status,GEN_VALVE_018_OPEN_FB,X00060,read_only,BOOL,GEN_VALVE_018_OPEN_FB,GEN_VALVE_018_OPEN_FB,io_map_fallback,io_map,True,False
49,03_VALVE_STATUS_CONTROL,valve_status,GEN_VALVE_019_OPEN_FB,X00062,read_only,BOOL,GEN_VALVE_019_OPEN_FB,GEN_VALVE_019_OPEN_FB,io_map_fallback,io_map,True,False
50,03_VALVE_STATUS_CONTROL,valve_status,GEN_VALVE_020_OPEN_FB,X00064,read_only,BOOL,GEN_VALVE_020_OPEN_FB,GEN_VALVE_020_OPEN_FB,io_map_fallback,io_map,True,False
51,03_VALVE_STATUS_CONTROL,valve_status,GEN_VALVE_021_OPEN_FB,X00066,read_only,BOOL,GEN_VALVE_021_OPEN_FB,GEN_VALVE_021_OPEN_FB,io_map_fallback,io_map,True,False
52,03_VALVE_STATUS_CONTROL,valve_status,GEN_VALVE_022_OPEN_FB,X00068,read_only,BOOL,GEN_VALVE_022_OPEN_FB,GEN_VALVE_022_OPEN_FB,io_map_fallback,io_map,True,False
53,03_VALVE_STATUS_CONTROL,valve_status,GEN_VALVE_023_OPEN_FB,X00070,read_only,BOOL,GEN_VALVE_023_OPEN_FB,GEN_VALVE_023_OPEN_FB,io_map_fallback,io_map,True,False
54,03_VALVE_STATUS_CONTROL,valve_status,GEN_VALVE_024_OPEN_FB,X00072,read_only,BOOL,GEN_VALVE_024_OPEN_FB,GEN_VALVE_024_OPEN_FB,io_map_fallback,io_map,True,False
55,03_VALVE_STATUS_CONTROL,valve_status,GEN_VALVE_025_OPEN_FB,X00074,read_only,BOOL,GEN_VALVE_025_OPEN_FB,GEN_VALVE_025_OPEN_FB,io_map_fallback,io_map,True,False
56,03_VALVE_STATUS_CONTROL,valve_status,GEN_VALVE_026_OPEN_FB,X00076,read_only,BOOL,GEN_VALVE_026_OPEN_FB,GEN_VALVE_026_OPEN_FB,io_map_fallback,io_map,True,False
57,03_VALVE_STATUS_CONTROL,valve_status,GEN_VALVE_027_OPEN_FB,X00078,read_only,BOOL,GEN_VALVE_027_OPEN_FB,GEN_VALVE_027_OPEN_FB,io_map_fallback,io_map,True,False
58,03_VALVE_STATUS_CONTROL,valve_status,GEN_VALVE_028_OPEN_FB,X00080,read_only,BOOL,GEN_VALVE_028_OPEN_FB,GEN_VALVE_028_OPEN_FB,io_map_fallback,io_map,True,False
59,03_VALVE_STATUS_CONTROL,valve_status,GEN_VALVE_029_OPEN_FB,X00082,read_only,BOOL,GEN_VALVE_029_OPEN_FB,GEN_VALVE_029_OPEN_FB,io_map_fallback,io_map,True,False
60,03_VALVE_STATUS_CONTROL,valve_status,GEN_VALVE_030_OPEN_FB,X00084,read_only,BOOL,GEN_VALVE_030_OPEN_FB,GEN_VALVE_030_OPEN_FB,io_map_fallback,io_map,True,False
61,03_VALVE_STATUS_CONTROL,valve_status,GEN_VALVE_031_OPEN_FB,X00086,read_only,BOOL,GEN_VALVE_031_OPEN_FB,GEN_VALVE_031_OPEN_FB,io_map_fallback,io_map,True,False
62,03_VALVE_STATUS_CONTROL,valve_status,GEN_VALVE_032_OPEN_FB,X00088,read_only,BOOL,GEN_VALVE_032_OPEN_FB,GEN_VALVE_032_OPEN_FB,io_map_fallback,io_map,True,False
63,03_VALVE_STATUS_CONTROL,valve_status,GEN_VALVE_033_OPEN_FB,X00090,read_only,BOOL,GEN_VALVE_033_OPEN_FB,GEN_VALVE_033_OPEN_FB,io_map_fallback,io_map,True,False
64,03_VALVE_STATUS_CONTROL,valve_status,GEN_VALVE_034_OPEN_FB,X00092,read_only,BOOL,GEN_VALVE_034_OPEN_FB,GEN_VALVE_034_OPEN_FB,io_map_fallback,io_map,True,False
65,03_VALVE_STATUS_CONTROL,valve_status,GEN_VALVE_035_OPEN_FB,X00094,read_only,BOOL,GEN_VALVE_035_OPEN_FB,GEN_VALVE_035_OPEN_FB,io_map_fallback,io_map,True,False
66,03_VALVE_STATUS_CONTROL,valve_status,GEN_VALVE_036_OPEN_FB,X00096,read_only,BOOL,GEN_VALVE_036_OPEN_FB,GEN_VALVE_036_OPEN_FB,io_map_fallback,io_map,True,False
67,03_VALVE_STATUS_CONTROL,valve_status,GEN_VALVE_037_OPEN_FB,X00098,read_only,BOOL,GEN_VALVE_037_OPEN_FB,GEN_VALVE_037_OPEN_FB,io_map_fallback,io_map,True,False
68,03_VALVE_STATUS_CONTROL,valve_status,GEN_VALVE_038_OPEN_FB,X00100,read_only,BOOL,GEN_VALVE_038_OPEN_FB,GEN_VALVE_038_OPEN_FB,io_map_fallback,io_map,True,False
69,03_VALVE_STATUS_CONTROL,valve_status,GEN_VALVE_039_OPEN_FB,X00102,read_only,BOOL,GEN_VALVE_039_OPEN_FB,GEN_VALVE_039_OPEN_FB,io_map_fallback,io_map,True,False
70,03_VALVE_STATUS_CONTROL,valve_status,GEN_VALVE_040_OPEN_FB,X00104,read_only,BOOL,GEN_VALVE_040_OPEN_FB,GEN_VALVE_040_OPEN_FB,io_map_fallback,io_map,True,False
71,03_VALVE_STATUS_CONTROL,valve_status,GEN_VALVE_041_OPEN_FB,X00106,read_only,BOOL,GEN_VALVE_041_OPEN_FB,GEN_VALVE_041_OPEN_FB,io_map_fallback,io_map,True,False
72,03_VALVE_STATUS_CONTROL,valve_status,GEN_VALVE_042_OPEN_FB,X00108,read_only,BOOL,GEN_VALVE_042_OPEN_FB,GEN_VALVE_042_OPEN_FB,io_map_fallback,io_map,True,False
73,03_VALVE_STATUS_CONTROL,valve_status,GEN_VALVE_043_OPEN_FB,X00110,read_only,BOOL,GEN_VALVE_043_OPEN_FB,GEN_VALVE_043_OPEN_FB,io_map_fallback,io_map,True,False
74,03_VALVE_STATUS_CONTROL,valve_status,GEN_VALVE_044_OPEN_FB,X00112,read_only,BOOL,GEN_VALVE_044_OPEN_FB,GEN_VALVE_044_OPEN_FB,io_map_fallback,io_map,True,False
75,03_VALVE_STATUS_CONTROL,valve_status,GEN_VALVE_045_OPEN_FB,X00114,read_only,BOOL,GEN_VALVE_045_OPEN_FB,GEN_VALVE_045_OPEN_FB,io_map_fallback,io_map,True,False
76,03_VALVE_STATUS_CONTROL,valve_status,GEN_VALVE_046_OPEN_FB,X00116,read_only,BOOL,GEN_VALVE_046_OPEN_FB,GEN_VALVE_046_OPEN_FB,io_map_fallback,io_map,True,False
77,03_VALVE_STATUS_CONTROL,valve_status,GEN_VALVE_047_OPEN_FB,X00118,read_only,BOOL,GEN_VALVE_047_OPEN_FB,GEN_VALVE_047_OPEN_FB,io_map_fallback,io_map,True,False
78,03_VALVE_STATUS_CONTROL,valve_status,GEN_VALVE_048_OPEN_FB,X00120,read_only,BOOL,GEN_VALVE_048_OPEN_FB,GEN_VALVE_048_OPEN_FB,io_map_fallback,io_map,True,False
79,09_IO_STATUS_DETAIL,status_lamp,MOTOR_01_OL_FB,X00122,read_only,BOOL,MOTOR_001_OL_FB,MOTOR_001_OL_FB,io_map_fallback,io_map,True,False
80,09_IO_STATUS_DETAIL,status_lamp,MOTOR_01_RUN_FB,X00123,read_only,BOOL,MOTOR_001_RUN_FB,MOTOR_001_RUN_FB,io_map_fallback,io_map,True,False
81,09_IO_STATUS_DETAIL,status_lamp,MOTOR_02_OL_FB,X00124,read_only,BOOL,MOTOR_002_OL_FB,MOTOR_002_OL_FB,io_map_fallback,io_map,True,False
82,09_IO_STATUS_DETAIL,status_lamp,MOTOR_02_RUN_FB,X00125,read_only,BOOL,MOTOR_002_RUN_FB,MOTOR_002_RUN_FB,io_map_fallback,io_map,True,False
83,09_IO_STATUS_DETAIL,status_lamp,MOTOR_03_OL_FB,X00126,read_only,BOOL,MOTOR_003_OL_FB,MOTOR_003_OL_FB,io_map_fallback,io_map,True,False
84,09_IO_STATUS_DETAIL,status_lamp,MOTOR_03_RUN_FB,X00127,read_only,BOOL,MOTOR_003_RUN_FB,MOTOR_003_RUN_FB,io_map_fallback,io_map,True,False
85,09_IO_STATUS_DETAIL,status_lamp,MOTOR_04_OL_FB,X00128,read_only,BOOL,MOTOR_004_OL_FB,MOTOR_004_OL_FB,io_map_fallback,io_map,True,False
86,09_IO_STATUS_DETAIL,status_lamp,MOTOR_04_RUN_FB,X00129,read_only,BOOL,MOTOR_004_RUN_FB,MOTOR_004_RUN_FB,io_map_fallback,io_map,True,False
87,09_IO_STATUS_DETAIL,status_lamp,MOTOR_05_OL_FB,X00130,read_only,BOOL,MOTOR_005_OL_FB,MOTOR_005_OL_FB,io_map_fallback,io_map,True,False
88,09_IO_STATUS_DETAIL,status_lamp,MOTOR_05_RUN_FB,X00131,read_only,BOOL,MOTOR_005_RUN_FB,MOTOR_005_RUN_FB,io_map_fallback,io_map,True,False
89,09_IO_STATUS_DETAIL,status_lamp,MOTOR_06_OL_FB,X00132,read_only,BOOL,MOTOR_006_OL_FB,MOTOR_006_OL_FB,io_map_fallback,io_map,True,False
90,09_IO_STATUS_DETAIL,status_lamp,MOTOR_06_RUN_FB,X00133,read_only,BOOL,MOTOR_006_RUN_FB,MOTOR_006_RUN_FB,io_map_fallback,io_map,True,False
91,09_IO_STATUS_DETAIL,status_lamp,MOTOR_07_OL_FB,X00134,read_only,BOOL,MOTOR_007_OL_FB,MOTOR_007_OL_FB,io_map_fallback,io_map,True,False
92,09_IO_STATUS_DETAIL,status_lamp,MOTOR_07_RUN_FB,X00135,read_only,BOOL,MOTOR_007_RUN_FB,MOTOR_007_RUN_FB,io_map_fallback,io_map,True,False
93,09_IO_STATUS_DETAIL,status_lamp,MOTOR_08_OL_FB,X00136,read_only,BOOL,MOTOR_008_OL_FB,MOTOR_008_OL_FB,io_map_fallback,io_map,True,False
94,09_IO_STATUS_DETAIL,status_lamp,MOTOR_08_RUN_FB,X00137,read_only,BOOL,MOTOR_008_RUN_FB,MOTOR_008_RUN_FB,io_map_fallback,io_map,True,False
95,09_IO_STATUS_DETAIL,status_lamp,MOTOR_09_OL_FB,X00138,read_only,BOOL,MOTOR_009_OL_FB,MOTOR_009_OL_FB,io_map_fallback,io_map,True,False
96,09_IO_STATUS_DETAIL,status_lamp,MOTOR_09_RUN_FB,X00139,read_only,BOOL,MOTOR_009_RUN_FB,MOTOR_009_RUN_FB,io_map_fallback,io_map,True,False
97,09_IO_STATUS_DETAIL,status_lamp,MOTOR_10_OL_FB,X00140,read_only,BOOL,MOTOR_010_OL_FB,MOTOR_010_OL_FB,io_map_fallback,io_map,True,False
98,09_IO_STATUS_DETAIL,status_lamp,MOTOR_10_RUN_FB,X00141,read_only,BOOL,MOTOR_010_RUN_FB,MOTOR_010_RUN_FB,io_map_fallback,io_map,True,False
99,09_IO_STATUS_DETAIL,status_lamp,MOTOR_11_OL_FB,X00142,read_only,BOOL,MOTOR_011_OL_FB,MOTOR_011_OL_FB,io_map_fallback,io_map,True,False
100,09_IO_STATUS_DETAIL,status_lamp,MOTOR_11_RUN_FB,X00143,read_only,BOOL,MOTOR_011_RUN_FB,MOTOR_011_RUN_FB,io_map_fallback,io_map,True,False
101,09_IO_STATUS_DETAIL,status_lamp,MOTOR_12_OL_FB,X00144,read_only,BOOL,MOTOR_012_OL_FB,MOTOR_012_OL_FB,io_map_fallback,io_map,True,False
102,09_IO_STATUS_DETAIL,status_lamp,MOTOR_12_RUN_FB,X00145,read_only,BOOL,MOTOR_012_RUN_FB,MOTOR_012_RUN_FB,io_map_fallback,io_map,True,False
103,09_IO_STATUS_DETAIL,status_lamp,MOTOR_13_OL_FB,X00146,read_only,BOOL,MOTOR_013_OL_FB,MOTOR_013_OL_FB,io_map_fallback,io_map,True,False
104,09_IO_STATUS_DETAIL,status_lamp,MOTOR_13_RUN_FB,X00147,read_only,BOOL,MOTOR_013_RUN_FB,MOTOR_013_RUN_FB,io_map_fallback,io_map,True,False
105,09_IO_STATUS_DETAIL,status_lamp,MOTOR_14_OL_FB,X00148,read_only,BOOL,MOTOR_014_OL_FB,MOTOR_014_OL_FB,io_map_fallback,io_map,True,False
106,09_IO_STATUS_DETAIL,status_lamp,MOTOR_14_RUN_FB,X00149,read_only,BOOL,MOTOR_014_RUN_FB,MOTOR_014_RUN_FB,io_map_fallback,io_map,True,False
107,09_IO_STATUS_DETAIL,status_lamp,MOTOR_15_OL_FB,X00150,read_only,BOOL,MOTOR_015_OL_FB,MOTOR_015_OL_FB,io_map_fallback,io_map,True,False
108,09_IO_STATUS_DETAIL,status_lamp,MOTOR_15_RUN_FB,X00151,read_only,BOOL,MOTOR_015_RUN_FB,MOTOR_015_RUN_FB,io_map_fallback,io_map,True,False
109,09_IO_STATUS_DETAIL,status_lamp,MOTOR_16_OL_FB,X00152,read_only,BOOL,MOTOR_016_OL_FB,MOTOR_016_OL_FB,io_map_fallback,io_map,True,False
110,09_IO_STATUS_DETAIL,status_lamp,MOTOR_16_RUN_FB,X00153,read_only,BOOL,MOTOR_016_RUN_FB,MOTOR_016_RUN_FB,io_map_fallback,io_map,True,False
111,09_IO_STATUS_DETAIL,status_lamp,MOTOR_17_OL_FB,X00154,read_only,BOOL,MOTOR_017_OL_FB,MOTOR_017_OL_FB,io_map_fallback,io_map,True,False
112,09_IO_STATUS_DETAIL,status_lamp,MOTOR_17_RUN_FB,X00155,read_only,BOOL,MOTOR_017_RUN_FB,MOTOR_017_RUN_FB,io_map_fallback,io_map,True,False
113,09_IO_STATUS_DETAIL,status_lamp,MOTOR_18_OL_FB,X00156,read_only,BOOL,MOTOR_018_OL_FB,MOTOR_018_OL_FB,io_map_fallback,io_map,True,False
114,09_IO_STATUS_DETAIL,status_lamp,MOTOR_18_RUN_FB,X00157,read_only,BOOL,MOTOR_018_RUN_FB,MOTOR_018_RUN_FB,io_map_fallback,io_map,True,False
115,09_IO_STATUS_DETAIL,status_lamp,MOTOR_19_OL_FB,X00158,read_only,BOOL,MOTOR_019_OL_FB,MOTOR_019_OL_FB,io_map_fallback,io_map,True,False
116,09_IO_STATUS_DETAIL,status_lamp,MOTOR_19_RUN_FB,X00159,read_only,BOOL,MOTOR_019_RUN_FB,MOTOR_019_RUN_FB,io_map_fallback,io_map,True,False
117,09_IO_STATUS_DETAIL,status_lamp,MOTOR_20_OL_FB,X00160,read_only,BOOL,MOTOR_020_OL_FB,MOTOR_020_OL_FB,io_map_fallback,io_map,True,False
118,09_IO_STATUS_DETAIL,status_lamp,MOTOR_20_RUN_FB,X00161,read_only,BOOL,MOTOR_020_RUN_FB,MOTOR_020_RUN_FB,io_map_fallback,io_map,True,False
119,09_IO_STATUS_DETAIL,status_lamp,MOTOR_21_OL_FB,X00162,read_only,BOOL,MOTOR_021_OL_FB,MOTOR_021_OL_FB,io_map_fallback,io_map,True,False
120,09_IO_STATUS_DETAIL,status_lamp,MOTOR_21_RUN_FB,X00163,read_only,BOOL,MOTOR_021_RUN_FB,MOTOR_021_RUN_FB,io_map_fallback,io_map,True,False
121,09_IO_STATUS_DETAIL,status_lamp,MOTOR_22_OL_FB,X00164,read_only,BOOL,MOTOR_022_OL_FB,MOTOR_022_OL_FB,io_map_fallback,io_map,True,False
122,09_IO_STATUS_DETAIL,status_lamp,MOTOR_22_RUN_FB,X00165,read_only,BOOL,MOTOR_022_RUN_FB,MOTOR_022_RUN_FB,io_map_fallback,io_map,True,False
123,09_IO_STATUS_DETAIL,status_lamp,MOTOR_23_OL_FB,X00166,read_only,BOOL,MOTOR_023_OL_FB,MOTOR_023_OL_FB,io_map_fallback,io_map,True,False
124,09_IO_STATUS_DETAIL,status_lamp,MOTOR_23_RUN_FB,X00167,read_only,BOOL,MOTOR_023_RUN_FB,MOTOR_023_RUN_FB,io_map_fallback,io_map,True,False
125,09_IO_STATUS_DETAIL,status_lamp,MOTOR_24_OL_FB,X00168,read_only,BOOL,MOTOR_024_OL_FB,MOTOR_024_OL_FB,io_map_fallback,io_map,True,False
126,09_IO_STATUS_DETAIL,status_lamp,MOTOR_24_RUN_FB,X00169,read_only,BOOL,MOTOR_024_RUN_FB,MOTOR_024_RUN_FB,io_map_fallback,io_map,True,False
127,09_IO_STATUS_DETAIL,status_lamp,MOTOR_25_OL_FB,X00170,read_only,BOOL,MOTOR_025_OL_FB,MOTOR_025_OL_FB,io_map_fallback,io_map,True,False
128,09_IO_STATUS_DETAIL,status_lamp,MOTOR_25_RUN_FB,X00171,read_only,BOOL,MOTOR_025_RUN_FB,MOTOR_025_RUN_FB,io_map_fallback,io_map,True,False
129,09_IO_STATUS_DETAIL,status_lamp,MOTOR_26_OL_FB,X00172,read_only,BOOL,MOTOR_026_OL_FB,MOTOR_026_OL_FB,io_map_fallback,io_map,True,False
130,09_IO_STATUS_DETAIL,status_lamp,MOTOR_26_RUN_FB,X00173,read_only,BOOL,MOTOR_026_RUN_FB,MOTOR_026_RUN_FB,io_map_fallback,io_map,True,False
131,09_IO_STATUS_DETAIL,status_lamp,MOTOR_27_OL_FB,X00174,read_only,BOOL,MOTOR_027_OL_FB,MOTOR_027_OL_FB,io_map_fallback,io_map,True,False
132,09_IO_STATUS_DETAIL,status_lamp,MOTOR_27_RUN_FB,X00175,read_only,BOOL,MOTOR_027_RUN_FB,MOTOR_027_RUN_FB,io_map_fallback,io_map,True,False
133,09_IO_STATUS_DETAIL,status_lamp,MOTOR_28_OL_FB,X00176,read_only,BOOL,MOTOR_028_OL_FB,MOTOR_028_OL_FB,io_map_fallback,io_map,True,False
134,09_IO_STATUS_DETAIL,status_lamp,MOTOR_28_RUN_FB,X00177,read_only,BOOL,MOTOR_028_RUN_FB,MOTOR_028_RUN_FB,io_map_fallback,io_map,True,False
135,09_IO_STATUS_DETAIL,status_lamp,MOTOR_29_OL_FB,X00178,read_only,BOOL,MOTOR_029_OL_FB,MOTOR_029_OL_FB,io_map_fallback,io_map,True,False
136,09_IO_STATUS_DETAIL,status_lamp,MOTOR_29_RUN_FB,X00179,read_only,BOOL,MOTOR_029_RUN_FB,MOTOR_029_RUN_FB,io_map_fallback,io_map,True,False
137,09_IO_STATUS_DETAIL,status_lamp,MOTOR_30_OL_FB,X00180,read_only,BOOL,MOTOR_030_OL_FB,MOTOR_030_OL_FB,io_map_fallback,io_map,True,False
138,09_IO_STATUS_DETAIL,status_lamp,MOTOR_30_RUN_FB,X00181,read_only,BOOL,MOTOR_030_RUN_FB,MOTOR_030_RUN_FB,io_map_fallback,io_map,True,False
139,09_IO_STATUS_DETAIL,status_lamp,MOTOR_31_OL_FB,X00182,read_only,BOOL,MOTOR_031_OL_FB,MOTOR_031_OL_FB,io_map_fallback,io_map,True,False
140,09_IO_STATUS_DETAIL,status_lamp,MOTOR_31_RUN_FB,X00183,read_only,BOOL,MOTOR_031_RUN_FB,MOTOR_031_RUN_FB,io_map_fallback,io_map,True,False
141,09_IO_STATUS_DETAIL,status_lamp,MOTOR_32_OL_FB,X00184,read_only,BOOL,MOTOR_032_OL_FB,MOTOR_032_OL_FB,io_map_fallback,io_map,True,False
142,09_IO_STATUS_DETAIL,status_lamp,MOTOR_32_RUN_FB,X00185,read_only,BOOL,MOTOR_032_RUN_FB,MOTOR_032_RUN_FB,io_map_fallback,io_map,True,False
143,09_IO_STATUS_DETAIL,status_lamp,CYLINDER_01_EXTEND_FB,X00186,read_only,BOOL,CYLINDER_001_EXTEND_FB,CYLINDER_001_EXTEND_FB,io_map_fallback,io_map,True,False
144,09_IO_STATUS_DETAIL,status_lamp,CYLINDER_01_RETRACT_FB,X00187,read_only,BOOL,CYLINDER_001_RETRACT_FB,CYLINDER_001_RETRACT_FB,io_map_fallback,io_map,True,False
145,09_IO_STATUS_DETAIL,status_lamp,CYLINDER_02_EXTEND_FB,X00188,read_only,BOOL,CYLINDER_002_EXTEND_FB,CYLINDER_002_EXTEND_FB,io_map_fallback,io_map,True,False
146,09_IO_STATUS_DETAIL,status_lamp,CYLINDER_02_RETRACT_FB,X00189,read_only,BOOL,CYLINDER_002_RETRACT_FB,CYLINDER_002_RETRACT_FB,io_map_fallback,io_map,True,False
147,09_IO_STATUS_DETAIL,status_lamp,CYLINDER_03_EXTEND_FB,X00190,read_only,BOOL,CYLINDER_003_EXTEND_FB,CYLINDER_003_EXTEND_FB,io_map_fallback,io_map,True,False
148,09_IO_STATUS_DETAIL,status_lamp,CYLINDER_03_RETRACT_FB,X00191,read_only,BOOL,CYLINDER_003_RETRACT_FB,CYLINDER_003_RETRACT_FB,io_map_fallback,io_map,True,False
149,09_IO_STATUS_DETAIL,status_lamp,CYLINDER_04_EXTEND_FB,X00192,read_only,BOOL,CYLINDER_004_EXTEND_FB,CYLINDER_004_EXTEND_FB,io_map_fallback,io_map,True,False
150,09_IO_STATUS_DETAIL,status_lamp,CYLINDER_04_RETRACT_FB,X00193,read_only,BOOL,CYLINDER_004_RETRACT_FB,CYLINDER_004_RETRACT_FB,io_map_fallback,io_map,True,False
151,09_IO_STATUS_DETAIL,status_lamp,CYLINDER_05_EXTEND_FB,X00194,read_only,BOOL,CYLINDER_005_EXTEND_FB,CYLINDER_005_EXTEND_FB,io_map_fallback,io_map,True,False
152,09_IO_STATUS_DETAIL,status_lamp,CYLINDER_05_RETRACT_FB,X00195,read_only,BOOL,CYLINDER_005_RETRACT_FB,CYLINDER_005_RETRACT_FB,io_map_fallback,io_map,True,False
153,09_IO_STATUS_DETAIL,status_lamp,CYLINDER_06_EXTEND_FB,X00196,read_only,BOOL,CYLINDER_006_EXTEND_FB,CYLINDER_006_EXTEND_FB,io_map_fallback,io_map,True,False
154,09_IO_STATUS_DETAIL,status_lamp,CYLINDER_06_RETRACT_FB,X00197,read_only,BOOL,CYLINDER_006_RETRACT_FB,CYLINDER_006_RETRACT_FB,io_map_fallback,io_map,True,False
155,09_IO_STATUS_DETAIL,status_lamp,CYLINDER_07_EXTEND_FB,X00198,read_only,BOOL,CYLINDER_007_EXTEND_FB,CYLINDER_007_EXTEND_FB,io_map_fallback,io_map,True,False
156,09_IO_STATUS_DETAIL,status_lamp,CYLINDER_07_RETRACT_FB,X00199,read_only,BOOL,CYLINDER_007_RETRACT_FB,CYLINDER_007_RETRACT_FB,io_map_fallback,io_map,True,False
157,09_IO_STATUS_DETAIL,status_lamp,CYLINDER_08_EXTEND_FB,X00200,read_only,BOOL,CYLINDER_008_EXTEND_FB,CYLINDER_008_EXTEND_FB,io_map_fallback,io_map,True,False
158,09_IO_STATUS_DETAIL,status_lamp,CYLINDER_08_RETRACT_FB,X00201,read_only,BOOL,CYLINDER_008_RETRACT_FB,CYLINDER_008_RETRACT_FB,io_map_fallback,io_map,True,False
159,09_IO_STATUS_DETAIL,status_lamp,CYLINDER_09_EXTEND_FB,X00202,read_only,BOOL,CYLINDER_009_EXTEND_FB,CYLINDER_009_EXTEND_FB,io_map_fallback,io_map,True,False
160,09_IO_STATUS_DETAIL,status_lamp,CYLINDER_09_RETRACT_FB,X00203,read_only,BOOL,CYLINDER_009_RETRACT_FB,CYLINDER_009_RETRACT_FB,io_map_fallback,io_map,True,False
161,09_IO_STATUS_DETAIL,status_lamp,CYLINDER_10_EXTEND_FB,X00204,read_only,BOOL,CYLINDER_010_EXTEND_FB,CYLINDER_010_EXTEND_FB,io_map_fallback,io_map,True,False
162,09_IO_STATUS_DETAIL,status_lamp,CYLINDER_10_RETRACT_FB,X00205,read_only,BOOL,CYLINDER_010_RETRACT_FB,CYLINDER_010_RETRACT_FB,io_map_fallback,io_map,True,False
163,09_IO_STATUS_DETAIL,status_lamp,CYLINDER_11_EXTEND_FB,X00206,read_only,BOOL,CYLINDER_011_EXTEND_FB,CYLINDER_011_EXTEND_FB,io_map_fallback,io_map,True,False
164,09_IO_STATUS_DETAIL,status_lamp,CYLINDER_11_RETRACT_FB,X00207,read_only,BOOL,CYLINDER_011_RETRACT_FB,CYLINDER_011_RETRACT_FB,io_map_fallback,io_map,True,False
165,09_IO_STATUS_DETAIL,status_lamp,CYLINDER_12_EXTEND_FB,X00208,read_only,BOOL,CYLINDER_012_EXTEND_FB,CYLINDER_012_EXTEND_FB,io_map_fallback,io_map,True,False
166,09_IO_STATUS_DETAIL,status_lamp,CYLINDER_12_RETRACT_FB,X00209,read_only,BOOL,CYLINDER_012_RETRACT_FB,CYLINDER_012_RETRACT_FB,io_map_fallback,io_map,True,False
167,05_FLOW_MONITOR,flow_status,RAW_FLOW_SWITCH_OK,X00210,read_only,BOOL,RAW_FLOW_SWITCH_OK,RAW_FLOW_SWITCH_OK,io_map_fallback,io_map,True,False
168,05_FLOW_MONITOR,flow_status,CHEM_FLOW_SWITCH_OK,X00211,read_only,BOOL,CHEM_FLOW_SWITCH_OK,CHEM_FLOW_SWITCH_OK,io_map_fallback,io_map,True,False
169,09_IO_STATUS_DETAIL,status_lamp,NEUTRAL_IN_001_OK_FB,X00212,read_only,BOOL,NEUTRAL_IN_001_OK_FB,NEUTRAL_IN_001_OK_FB,io_map_fallback,io_map,True,False
170,02_PUMP_STATUS_CONTROL,pump_status,RINSE_PUMP_01_RUN_CMD,X00213,read_write_candidate,BOOL,RINSE_PUMP_001_RUN_CMD,RINSE_PUMP_001_RUN_CMD,io_map_fallback,io_map,True,False
171,09_IO_STATUS_DETAIL,status_lamp,SLUDGE_IN_001_OK_FB,X00214,read_only,BOOL,SLUDGE_IN_001_OK_FB,SLUDGE_IN_001_OK_FB,io_map_fallback,io_map,True,False
172,09_IO_STATUS_DETAIL,status_lamp,GEN_IN_003_STATUS,X00215,read_only,BOOL,GEN_IN_003_STATUS,GEN_IN_003_STATUS,io_map_fallback,io_map,True,False
173,09_IO_STATUS_DETAIL,status_lamp,GEN_IN_004_STATUS,X00216,read_only,BOOL,GEN_IN_004_STATUS,GEN_IN_004_STATUS,io_map_fallback,io_map,True,False
174,09_IO_STATUS_DETAIL,status_lamp,GEN_IN_005_STATUS,X00217,read_only,BOOL,GEN_IN_005_STATUS,GEN_IN_005_STATUS,io_map_fallback,io_map,True,False
175,09_IO_STATUS_DETAIL,status_lamp,GEN_IN_006_STATUS,X00218,read_only,BOOL,GEN_IN_006_STATUS,GEN_IN_006_STATUS,io_map_fallback,io_map,True,False
176,09_IO_STATUS_DETAIL,status_lamp,GEN_IN_007_STATUS,X00219,read_only,BOOL,GEN_IN_007_STATUS,GEN_IN_007_STATUS,io_map_fallback,io_map,True,False
177,09_IO_STATUS_DETAIL,status_lamp,GEN_IN_008_STATUS,X00220,read_only,BOOL,GEN_IN_008_STATUS,GEN_IN_008_STATUS,io_map_fallback,io_map,True,False
178,09_IO_STATUS_DETAIL,status_lamp,GEN_IN_009_STATUS,X00221,read_only,BOOL,GEN_IN_009_STATUS,GEN_IN_009_STATUS,io_map_fallback,io_map,True,False
179,09_IO_STATUS_DETAIL,status_lamp,GEN_IN_010_STATUS,X00222,read_only,BOOL,GEN_IN_010_STATUS,GEN_IN_010_STATUS,io_map_fallback,io_map,True,False
180,09_IO_STATUS_DETAIL,status_lamp,GEN_IN_011_STATUS,X00223,read_only,BOOL,GEN_IN_011_STATUS,GEN_IN_011_STATUS,io_map_fallback,io_map,True,False
181,09_IO_STATUS_DETAIL,status_lamp,GEN_IN_012_STATUS,X00224,read_only,BOOL,GEN_IN_012_STATUS,GEN_IN_012_STATUS,io_map_fallback,io_map,True,False
182,09_IO_STATUS_DETAIL,status_lamp,GEN_IN_013_STATUS,X00225,read_only,BOOL,GEN_IN_013_STATUS,GEN_IN_013_STATUS,io_map_fallback,io_map,True,False
183,09_IO_STATUS_DETAIL,status_lamp,GEN_IN_014_STATUS,X00226,read_only,BOOL,GEN_IN_014_STATUS,GEN_IN_014_STATUS,io_map_fallback,io_map,True,False
184,09_IO_STATUS_DETAIL,status_lamp,GEN_IN_015_STATUS,X00227,read_only,BOOL,GEN_IN_015_STATUS,GEN_IN_015_STATUS,io_map_fallback,io_map,True,False
185,09_IO_STATUS_DETAIL,status_lamp,GEN_IN_016_STATUS,X00228,read_only,BOOL,GEN_IN_016_STATUS,GEN_IN_016_STATUS,io_map_fallback,io_map,True,False
186,09_IO_STATUS_DETAIL,status_lamp,GEN_IN_017_STATUS,X00229,read_only,BOOL,GEN_IN_017_STATUS,GEN_IN_017_STATUS,io_map_fallback,io_map,True,False
187,09_IO_STATUS_DETAIL,status_lamp,GEN_IN_018_STATUS,X00230,read_only,BOOL,GEN_IN_018_STATUS,GEN_IN_018_STATUS,io_map_fallback,io_map,True,False
188,09_IO_STATUS_DETAIL,status_lamp,GEN_IN_019_STATUS,X00231,read_only,BOOL,GEN_IN_019_STATUS,GEN_IN_019_STATUS,io_map_fallback,io_map,True,False
189,09_IO_STATUS_DETAIL,status_lamp,GEN_IN_020_STATUS,X00232,read_only,BOOL,GEN_IN_020_STATUS,GEN_IN_020_STATUS,io_map_fallback,io_map,True,False
190,09_IO_STATUS_DETAIL,status_lamp,GEN_IN_021_STATUS,X00233,read_only,BOOL,GEN_IN_021_STATUS,GEN_IN_021_STATUS,io_map_fallback,io_map,True,False
191,09_IO_STATUS_DETAIL,status_lamp,GEN_IN_022_STATUS,X00234,read_only,BOOL,GEN_IN_022_STATUS,GEN_IN_022_STATUS,io_map_fallback,io_map,True,False
192,09_IO_STATUS_DETAIL,status_lamp,GEN_IN_023_STATUS,X00235,read_only,BOOL,GEN_IN_023_STATUS,GEN_IN_023_STATUS,io_map_fallback,io_map,True,False
193,09_IO_STATUS_DETAIL,status_lamp,GEN_IN_024_STATUS,X00236,read_only,BOOL,GEN_IN_024_STATUS,GEN_IN_024_STATUS,io_map_fallback,io_map,True,False
194,09_IO_STATUS_DETAIL,status_lamp,GEN_IN_025_STATUS,X00237,read_only,BOOL,GEN_IN_025_STATUS,GEN_IN_025_STATUS,io_map_fallback,io_map,True,False
195,09_IO_STATUS_DETAIL,status_lamp,GEN_IN_026_STATUS,X00238,read_only,BOOL,GEN_IN_026_STATUS,GEN_IN_026_STATUS,io_map_fallback,io_map,True,False
196,09_IO_STATUS_DETAIL,status_lamp,GEN_IN_027_STATUS,X00239,read_only,BOOL,GEN_IN_027_STATUS,GEN_IN_027_STATUS,io_map_fallback,io_map,True,False
197,09_IO_STATUS_DETAIL,status_lamp,GEN_IN_028_STATUS,X00240,read_only,BOOL,GEN_IN_028_STATUS,GEN_IN_028_STATUS,io_map_fallback,io_map,True,False
198,09_IO_STATUS_DETAIL,status_lamp,GEN_IN_029_STATUS,X00241,read_only,BOOL,GEN_IN_029_STATUS,GEN_IN_029_STATUS,io_map_fallback,io_map,True,False
199,09_IO_STATUS_DETAIL,status_lamp,GEN_IN_030_STATUS,X00242,read_only,BOOL,GEN_IN_030_STATUS,GEN_IN_030_STATUS,io_map_fallback,io_map,True,False
200,09_IO_STATUS_DETAIL,status_lamp,GEN_IN_031_STATUS,X00243,read_only,BOOL,GEN_IN_031_STATUS,GEN_IN_031_STATUS,io_map_fallback,io_map,True,False
201,09_IO_STATUS_DETAIL,status_lamp,GEN_IN_032_STATUS,X00244,read_only,BOOL,GEN_IN_032_STATUS,GEN_IN_032_STATUS,io_map_fallback,io_map,True,False
202,09_IO_STATUS_DETAIL,status_lamp,GEN_IN_033_STATUS,X00245,read_only,BOOL,GEN_IN_033_STATUS,GEN_IN_033_STATUS,io_map_fallback,io_map,True,False
203,09_IO_STATUS_DETAIL,status_lamp,GEN_IN_034_STATUS,X00246,read_only,BOOL,GEN_IN_034_STATUS,GEN_IN_034_STATUS,io_map_fallback,io_map,True,False
204,09_IO_STATUS_DETAIL,status_lamp,GEN_IN_035_STATUS,X00247,read_only,BOOL,GEN_IN_035_STATUS,GEN_IN_035_STATUS,io_map_fallback,io_map,True,False
205,09_IO_STATUS_DETAIL,status_lamp,GEN_IN_036_STATUS,X00248,read_only,BOOL,GEN_IN_036_STATUS,GEN_IN_036_STATUS,io_map_fallback,io_map,True,False
206,09_IO_STATUS_DETAIL,status_lamp,GEN_IN_037_STATUS,X00249,read_only,BOOL,GEN_IN_037_STATUS,GEN_IN_037_STATUS,io_map_fallback,io_map,True,False
207,09_IO_STATUS_DETAIL,status_lamp,GEN_IN_038_STATUS,X00250,read_only,BOOL,GEN_IN_038_STATUS,GEN_IN_038_STATUS,io_map_fallback,io_map,True,False
208,09_IO_STATUS_DETAIL,status_lamp,GEN_IN_039_STATUS,X00251,read_only,BOOL,GEN_IN_039_STATUS,GEN_IN_039_STATUS,io_map_fallback,io_map,True,False
209,09_IO_STATUS_DETAIL,status_lamp,GEN_IN_040_STATUS,X00252,read_only,BOOL,GEN_IN_040_STATUS,GEN_IN_040_STATUS,io_map_fallback,io_map,True,False
210,09_IO_STATUS_DETAIL,status_lamp,GEN_IN_041_STATUS,X00253,read_only,BOOL,GEN_IN_041_STATUS,GEN_IN_041_STATUS,io_map_fallback,io_map,True,False
211,09_IO_STATUS_DETAIL,status_lamp,GEN_IN_042_STATUS,X00254,read_only,BOOL,GEN_IN_042_STATUS,GEN_IN_042_STATUS,io_map_fallback,io_map,True,False
212,09_IO_STATUS_DETAIL,status_lamp,GEN_IN_043_STATUS,X00255,read_only,BOOL,GEN_IN_043_STATUS,GEN_IN_043_STATUS,io_map_fallback,io_map,True,False
213,09_IO_STATUS_DETAIL,status_lamp,GEN_IN_044_STATUS,X00256,read_only,BOOL,GEN_IN_044_STATUS,GEN_IN_044_STATUS,io_map_fallback,io_map,True,False
214,09_IO_STATUS_DETAIL,status_lamp,GEN_IN_045_STATUS,X00257,read_only,BOOL,GEN_IN_045_STATUS,GEN_IN_045_STATUS,io_map_fallback,io_map,True,False
215,09_IO_STATUS_DETAIL,status_lamp,GEN_IN_046_STATUS,X00258,read_only,BOOL,GEN_IN_046_STATUS,GEN_IN_046_STATUS,io_map_fallback,io_map,True,False
216,09_IO_STATUS_DETAIL,status_lamp,GEN_IN_047_STATUS,X00259,read_only,BOOL,GEN_IN_047_STATUS,GEN_IN_047_STATUS,io_map_fallback,io_map,True,False
217,02_PUMP_STATUS_CONTROL,pump_status,INLET_PUMP_01_RUN_CMD,Y00000,read_write_candidate,BOOL,INLET_PUMP_001_RUN_CMD,INLET_PUMP_001_RUN_CMD,io_map_fallback,io_map,True,False
218,02_PUMP_STATUS_CONTROL,pump_status,CHEM_PUMP_01_RUN_CMD,Y00001,read_write_candidate,BOOL,CHEM_PUMP_001_RUN_CMD,CHEM_PUMP_001_RUN_CMD,io_map_fallback,io_map,True,False
219,02_PUMP_STATUS_CONTROL,pump_status,NEUTRAL_PUMP_01_RUN_CMD,Y00002,read_write_candidate,BOOL,NEUTRAL_PUMP_001_RUN_CMD,NEUTRAL_PUMP_001_RUN_CMD,io_map_fallback,io_map,True,False
220,02_PUMP_STATUS_CONTROL,pump_status,RINSE_PUMP_02_RUN_CMD,Y00003,read_write_candidate,BOOL,RINSE_PUMP_002_RUN_CMD,RINSE_PUMP_002_RUN_CMD,io_map_fallback,io_map,True,False
221,02_PUMP_STATUS_CONTROL,pump_status,SLUDGE_PUMP_01_RUN_CMD,Y00004,read_write_candidate,BOOL,SLUDGE_PUMP_001_RUN_CMD,SLUDGE_PUMP_001_RUN_CMD,io_map_fallback,io_map,True,False
222,02_PUMP_STATUS_CONTROL,pump_status,FINAL_PUMP_01_RUN_CMD,Y00005,read_write_candidate,BOOL,FINAL_PUMP_001_RUN_CMD,FINAL_PUMP_001_RUN_CMD,io_map_fallback,io_map,True,False
223,02_PUMP_STATUS_CONTROL,pump_status,INLET_PUMP_02_RUN_CMD,Y00006,read_write_candidate,BOOL,INLET_PUMP_002_RUN_CMD,INLET_PUMP_002_RUN_CMD,io_map_fallback,io_map,True,False
224,02_PUMP_STATUS_CONTROL,pump_status,CHEM_PUMP_02_RUN_CMD,Y00007,read_write_candidate,BOOL,CHEM_PUMP_002_RUN_CMD,CHEM_PUMP_002_RUN_CMD,io_map_fallback,io_map,True,False
225,02_PUMP_STATUS_CONTROL,pump_status,NEUTRAL_PUMP_02_RUN_CMD,Y00008,read_write_candidate,BOOL,NEUTRAL_PUMP_002_RUN_CMD,NEUTRAL_PUMP_002_RUN_CMD,io_map_fallback,io_map,True,False
226,02_PUMP_STATUS_CONTROL,pump_status,RINSE_PUMP_03_RUN_CMD,Y00009,read_write_candidate,BOOL,RINSE_PUMP_003_RUN_CMD,RINSE_PUMP_003_RUN_CMD,io_map_fallback,io_map,True,False
227,02_PUMP_STATUS_CONTROL,pump_status,SLUDGE_PUMP_02_RUN_CMD,Y00010,read_write_candidate,BOOL,SLUDGE_PUMP_002_RUN_CMD,SLUDGE_PUMP_002_RUN_CMD,io_map_fallback,io_map,True,False
228,02_PUMP_STATUS_CONTROL,pump_status,FINAL_PUMP_02_RUN_CMD,Y00011,read_write_candidate,BOOL,FINAL_PUMP_002_RUN_CMD,FINAL_PUMP_002_RUN_CMD,io_map_fallback,io_map,True,False
229,02_PUMP_STATUS_CONTROL,pump_status,INLET_PUMP_03_RUN_CMD,Y00012,read_write_candidate,BOOL,INLET_PUMP_003_RUN_CMD,INLET_PUMP_003_RUN_CMD,io_map_fallback,io_map,True,False
230,02_PUMP_STATUS_CONTROL,pump_status,CHEM_PUMP_03_RUN_CMD,Y00013,read_write_candidate,BOOL,CHEM_PUMP_003_RUN_CMD,CHEM_PUMP_003_RUN_CMD,io_map_fallback,io_map,True,False
231,02_PUMP_STATUS_CONTROL,pump_status,NEUTRAL_PUMP_03_RUN_CMD,Y00014,read_write_candidate,BOOL,NEUTRAL_PUMP_003_RUN_CMD,NEUTRAL_PUMP_003_RUN_CMD,io_map_fallback,io_map,True,False
232,02_PUMP_STATUS_CONTROL,pump_status,RINSE_PUMP_04_RUN_CMD,Y00015,read_write_candidate,BOOL,RINSE_PUMP_004_RUN_CMD,RINSE_PUMP_004_RUN_CMD,io_map_fallback,io_map,True,False
233,02_PUMP_STATUS_CONTROL,pump_status,SLUDGE_PUMP_03_RUN_CMD,Y00016,read_write_candidate,BOOL,SLUDGE_PUMP_003_RUN_CMD,SLUDGE_PUMP_003_RUN_CMD,io_map_fallback,io_map,True,False
234,02_PUMP_STATUS_CONTROL,pump_status,FINAL_PUMP_03_RUN_CMD,Y00017,read_write_candidate,BOOL,FINAL_PUMP_003_RUN_CMD,FINAL_PUMP_003_RUN_CMD,io_map_fallback,io_map,True,False
235,02_PUMP_STATUS_CONTROL,pump_status,INLET_PUMP_04_RUN_CMD,Y00018,read_write_candidate,BOOL,INLET_PUMP_004_RUN_CMD,INLET_PUMP_004_RUN_CMD,io_map_fallback,io_map,True,False
236,02_PUMP_STATUS_CONTROL,pump_status,CHEM_PUMP_04_RUN_CMD,Y00019,read_write_candidate,BOOL,CHEM_PUMP_004_RUN_CMD,CHEM_PUMP_004_RUN_CMD,io_map_fallback,io_map,True,False
237,02_PUMP_STATUS_CONTROL,pump_status,NEUTRAL_PUMP_04_RUN_CMD,Y00020,read_write_candidate,BOOL,NEUTRAL_PUMP_004_RUN_CMD,NEUTRAL_PUMP_004_RUN_CMD,io_map_fallback,io_map,True,False
238,02_PUMP_STATUS_CONTROL,pump_status,RINSE_PUMP_05_RUN_CMD,Y00021,read_write_candidate,BOOL,RINSE_PUMP_005_RUN_CMD,RINSE_PUMP_005_RUN_CMD,io_map_fallback,io_map,True,False
239,02_PUMP_STATUS_CONTROL,pump_status,SLUDGE_PUMP_04_RUN_CMD,Y00022,read_write_candidate,BOOL,SLUDGE_PUMP_004_RUN_CMD,SLUDGE_PUMP_004_RUN_CMD,io_map_fallback,io_map,True,False
240,02_PUMP_STATUS_CONTROL,pump_status,FINAL_PUMP_04_RUN_CMD,Y00023,read_write_candidate,BOOL,FINAL_PUMP_004_RUN_CMD,FINAL_PUMP_004_RUN_CMD,io_map_fallback,io_map,True,False
241,02_PUMP_STATUS_CONTROL,pump_status,INLET_PUMP_05_RUN_CMD,Y00024,read_write_candidate,BOOL,INLET_PUMP_005_RUN_CMD,INLET_PUMP_005_RUN_CMD,io_map_fallback,io_map,True,False
242,02_PUMP_STATUS_CONTROL,pump_status,CHEM_PUMP_05_RUN_CMD,Y00025,read_write_candidate,BOOL,CHEM_PUMP_005_RUN_CMD,CHEM_PUMP_005_RUN_CMD,io_map_fallback,io_map,True,False
243,02_PUMP_STATUS_CONTROL,pump_status,NEUTRAL_PUMP_05_RUN_CMD,Y00026,read_write_candidate,BOOL,NEUTRAL_PUMP_005_RUN_CMD,NEUTRAL_PUMP_005_RUN_CMD,io_map_fallback,io_map,True,False
244,02_PUMP_STATUS_CONTROL,pump_status,RINSE_PUMP_06_RUN_CMD,Y00027,read_write_candidate,BOOL,RINSE_PUMP_006_RUN_CMD,RINSE_PUMP_006_RUN_CMD,io_map_fallback,io_map,True,False
245,03_VALVE_STATUS_CONTROL,valve_status,INLET_VALVE_001_OPEN_CMD,Y00028,read_write_candidate,BOOL,INLET_VALVE_001_OPEN_CMD,INLET_VALVE_001_OPEN_CMD,io_map_fallback,io_map,True,False
246,03_VALVE_STATUS_CONTROL,valve_status,CHEM_VALVE_001_OPEN_CMD,Y00029,read_write_candidate,BOOL,CHEM_VALVE_001_OPEN_CMD,CHEM_VALVE_001_OPEN_CMD,io_map_fallback,io_map,True,False
247,03_VALVE_STATUS_CONTROL,valve_status,NEUTRAL_VALVE_001_OPEN_CMD,Y00030,read_write_candidate,BOOL,NEUTRAL_VALVE_001_OPEN_CMD,NEUTRAL_VALVE_001_OPEN_CMD,io_map_fallback,io_map,True,False
248,03_VALVE_STATUS_CONTROL,valve_status,RINSE_VALVE_001_OPEN_CMD,Y00031,read_write_candidate,BOOL,RINSE_VALVE_001_OPEN_CMD,RINSE_VALVE_001_OPEN_CMD,io_map_fallback,io_map,True,False
249,03_VALVE_STATUS_CONTROL,valve_status,SLUDGE_VALVE_001_OPEN_CMD,Y00032,read_write_candidate,BOOL,SLUDGE_VALVE_001_OPEN_CMD,SLUDGE_VALVE_001_OPEN_CMD,io_map_fallback,io_map,True,False
250,03_VALVE_STATUS_CONTROL,valve_status,FINAL_VALVE_001_OPEN_CMD,Y00033,read_write_candidate,BOOL,FINAL_VALVE_001_OPEN_CMD,FINAL_VALVE_001_OPEN_CMD,io_map_fallback,io_map,True,False
251,03_VALVE_STATUS_CONTROL,valve_status,INLET_VALVE_002_OPEN_CMD,Y00034,read_write_candidate,BOOL,INLET_VALVE_002_OPEN_CMD,INLET_VALVE_002_OPEN_CMD,io_map_fallback,io_map,True,False
252,03_VALVE_STATUS_CONTROL,valve_status,CHEM_VALVE_002_OPEN_CMD,Y00035,read_write_candidate,BOOL,CHEM_VALVE_002_OPEN_CMD,CHEM_VALVE_002_OPEN_CMD,io_map_fallback,io_map,True,False
253,03_VALVE_STATUS_CONTROL,valve_status,NEUTRAL_VALVE_002_OPEN_CMD,Y00036,read_write_candidate,BOOL,NEUTRAL_VALVE_002_OPEN_CMD,NEUTRAL_VALVE_002_OPEN_CMD,io_map_fallback,io_map,True,False
254,03_VALVE_STATUS_CONTROL,valve_status,RINSE_VALVE_002_OPEN_CMD,Y00037,read_write_candidate,BOOL,RINSE_VALVE_002_OPEN_CMD,RINSE_VALVE_002_OPEN_CMD,io_map_fallback,io_map,True,False
255,03_VALVE_STATUS_CONTROL,valve_status,SLUDGE_VALVE_002_OPEN_CMD,Y00038,read_write_candidate,BOOL,SLUDGE_VALVE_002_OPEN_CMD,SLUDGE_VALVE_002_OPEN_CMD,io_map_fallback,io_map,True,False
256,03_VALVE_STATUS_CONTROL,valve_status,FINAL_VALVE_002_OPEN_CMD,Y00039,read_write_candidate,BOOL,FINAL_VALVE_002_OPEN_CMD,FINAL_VALVE_002_OPEN_CMD,io_map_fallback,io_map,True,False
257,03_VALVE_STATUS_CONTROL,valve_status,INLET_VALVE_003_OPEN_CMD,Y00040,read_write_candidate,BOOL,INLET_VALVE_003_OPEN_CMD,INLET_VALVE_003_OPEN_CMD,io_map_fallback,io_map,True,False
258,03_VALVE_STATUS_CONTROL,valve_status,CHEM_VALVE_003_OPEN_CMD,Y00041,read_write_candidate,BOOL,CHEM_VALVE_003_OPEN_CMD,CHEM_VALVE_003_OPEN_CMD,io_map_fallback,io_map,True,False
259,03_VALVE_STATUS_CONTROL,valve_status,NEUTRAL_VALVE_003_OPEN_CMD,Y00042,read_write_candidate,BOOL,NEUTRAL_VALVE_003_OPEN_CMD,NEUTRAL_VALVE_003_OPEN_CMD,io_map_fallback,io_map,True,False
260,03_VALVE_STATUS_CONTROL,valve_status,RINSE_VALVE_003_OPEN_CMD,Y00043,read_write_candidate,BOOL,RINSE_VALVE_003_OPEN_CMD,RINSE_VALVE_003_OPEN_CMD,io_map_fallback,io_map,True,False
261,03_VALVE_STATUS_CONTROL,valve_status,SLUDGE_VALVE_003_OPEN_CMD,Y00044,read_write_candidate,BOOL,SLUDGE_VALVE_003_OPEN_CMD,SLUDGE_VALVE_003_OPEN_CMD,io_map_fallback,io_map,True,False
262,03_VALVE_STATUS_CONTROL,valve_status,FINAL_VALVE_003_OPEN_CMD,Y00045,read_write_candidate,BOOL,FINAL_VALVE_003_OPEN_CMD,FINAL_VALVE_003_OPEN_CMD,io_map_fallback,io_map,True,False
263,03_VALVE_STATUS_CONTROL,valve_status,INLET_VALVE_004_OPEN_CMD,Y00046,read_write_candidate,BOOL,INLET_VALVE_004_OPEN_CMD,INLET_VALVE_004_OPEN_CMD,io_map_fallback,io_map,True,False
264,03_VALVE_STATUS_CONTROL,valve_status,CHEM_VALVE_004_OPEN_CMD,Y00047,read_write_candidate,BOOL,CHEM_VALVE_004_OPEN_CMD,CHEM_VALVE_004_OPEN_CMD,io_map_fallback,io_map,True,False
265,03_VALVE_STATUS_CONTROL,valve_status,NEUTRAL_VALVE_004_OPEN_CMD,Y00048,read_write_candidate,BOOL,NEUTRAL_VALVE_004_OPEN_CMD,NEUTRAL_VALVE_004_OPEN_CMD,io_map_fallback,io_map,True,False
266,03_VALVE_STATUS_CONTROL,valve_status,RINSE_VALVE_004_OPEN_CMD,Y00049,read_write_candidate,BOOL,RINSE_VALVE_004_OPEN_CMD,RINSE_VALVE_004_OPEN_CMD,io_map_fallback,io_map,True,False
267,03_VALVE_STATUS_CONTROL,valve_status,SLUDGE_VALVE_004_OPEN_CMD,Y00050,read_write_candidate,BOOL,SLUDGE_VALVE_004_OPEN_CMD,SLUDGE_VALVE_004_OPEN_CMD,io_map_fallback,io_map,True,False
268,03_VALVE_STATUS_CONTROL,valve_status,FINAL_VALVE_004_OPEN_CMD,Y00051,read_write_candidate,BOOL,FINAL_VALVE_004_OPEN_CMD,FINAL_VALVE_004_OPEN_CMD,io_map_fallback,io_map,True,False
269,03_VALVE_STATUS_CONTROL,valve_status,INLET_VALVE_005_OPEN_CMD,Y00052,read_write_candidate,BOOL,INLET_VALVE_005_OPEN_CMD,INLET_VALVE_005_OPEN_CMD,io_map_fallback,io_map,True,False
270,03_VALVE_STATUS_CONTROL,valve_status,CHEM_VALVE_005_OPEN_CMD,Y00053,read_write_candidate,BOOL,CHEM_VALVE_005_OPEN_CMD,CHEM_VALVE_005_OPEN_CMD,io_map_fallback,io_map,True,False
271,03_VALVE_STATUS_CONTROL,valve_status,NEUTRAL_VALVE_005_OPEN_CMD,Y00054,read_write_candidate,BOOL,NEUTRAL_VALVE_005_OPEN_CMD,NEUTRAL_VALVE_005_OPEN_CMD,io_map_fallback,io_map,True,False
272,03_VALVE_STATUS_CONTROL,valve_status,RINSE_VALVE_005_OPEN_CMD,Y00055,read_write_candidate,BOOL,RINSE_VALVE_005_OPEN_CMD,RINSE_VALVE_005_OPEN_CMD,io_map_fallback,io_map,True,False
273,03_VALVE_STATUS_CONTROL,valve_status,SLUDGE_VALVE_005_OPEN_CMD,Y00056,read_write_candidate,BOOL,SLUDGE_VALVE_005_OPEN_CMD,SLUDGE_VALVE_005_OPEN_CMD,io_map_fallback,io_map,True,False
274,03_VALVE_STATUS_CONTROL,valve_status,FINAL_VALVE_005_OPEN_CMD,Y00057,read_write_candidate,BOOL,FINAL_VALVE_005_OPEN_CMD,FINAL_VALVE_005_OPEN_CMD,io_map_fallback,io_map,True,False
275,03_VALVE_STATUS_CONTROL,valve_status,INLET_VALVE_006_OPEN_CMD,Y00058,read_write_candidate,BOOL,INLET_VALVE_006_OPEN_CMD,INLET_VALVE_006_OPEN_CMD,io_map_fallback,io_map,True,False
276,03_VALVE_STATUS_CONTROL,valve_status,CHEM_VALVE_006_OPEN_CMD,Y00059,read_write_candidate,BOOL,CHEM_VALVE_006_OPEN_CMD,CHEM_VALVE_006_OPEN_CMD,io_map_fallback,io_map,True,False
277,03_VALVE_STATUS_CONTROL,valve_status,NEUTRAL_VALVE_006_OPEN_CMD,Y00060,read_write_candidate,BOOL,NEUTRAL_VALVE_006_OPEN_CMD,NEUTRAL_VALVE_006_OPEN_CMD,io_map_fallback,io_map,True,False
278,03_VALVE_STATUS_CONTROL,valve_status,RINSE_VALVE_006_OPEN_CMD,Y00061,read_write_candidate,BOOL,RINSE_VALVE_006_OPEN_CMD,RINSE_VALVE_006_OPEN_CMD,io_map_fallback,io_map,True,False
279,03_VALVE_STATUS_CONTROL,valve_status,SLUDGE_VALVE_006_OPEN_CMD,Y00062,read_write_candidate,BOOL,SLUDGE_VALVE_006_OPEN_CMD,SLUDGE_VALVE_006_OPEN_CMD,io_map_fallback,io_map,True,False
280,03_VALVE_STATUS_CONTROL,valve_status,FINAL_VALVE_006_OPEN_CMD,Y00063,read_write_candidate,BOOL,FINAL_VALVE_006_OPEN_CMD,FINAL_VALVE_006_OPEN_CMD,io_map_fallback,io_map,True,False
281,03_VALVE_STATUS_CONTROL,valve_status,INLET_VALVE_007_OPEN_CMD,Y00064,read_write_candidate,BOOL,INLET_VALVE_007_OPEN_CMD,INLET_VALVE_007_OPEN_CMD,io_map_fallback,io_map,True,False
282,03_VALVE_STATUS_CONTROL,valve_status,CHEM_VALVE_007_OPEN_CMD,Y00065,read_write_candidate,BOOL,CHEM_VALVE_007_OPEN_CMD,CHEM_VALVE_007_OPEN_CMD,io_map_fallback,io_map,True,False
283,03_VALVE_STATUS_CONTROL,valve_status,NEUTRAL_VALVE_007_OPEN_CMD,Y00066,read_write_candidate,BOOL,NEUTRAL_VALVE_007_OPEN_CMD,NEUTRAL_VALVE_007_OPEN_CMD,io_map_fallback,io_map,True,False
284,03_VALVE_STATUS_CONTROL,valve_status,RINSE_VALVE_007_OPEN_CMD,Y00067,read_write_candidate,BOOL,RINSE_VALVE_007_OPEN_CMD,RINSE_VALVE_007_OPEN_CMD,io_map_fallback,io_map,True,False
285,03_VALVE_STATUS_CONTROL,valve_status,SLUDGE_VALVE_007_OPEN_CMD,Y00068,read_write_candidate,BOOL,SLUDGE_VALVE_007_OPEN_CMD,SLUDGE_VALVE_007_OPEN_CMD,io_map_fallback,io_map,True,False
286,03_VALVE_STATUS_CONTROL,valve_status,FINAL_VALVE_007_OPEN_CMD,Y00069,read_write_candidate,BOOL,FINAL_VALVE_007_OPEN_CMD,FINAL_VALVE_007_OPEN_CMD,io_map_fallback,io_map,True,False
287,03_VALVE_STATUS_CONTROL,valve_status,INLET_VALVE_008_OPEN_CMD,Y00070,read_write_candidate,BOOL,INLET_VALVE_008_OPEN_CMD,INLET_VALVE_008_OPEN_CMD,io_map_fallback,io_map,True,False
288,03_VALVE_STATUS_CONTROL,valve_status,CHEM_VALVE_008_OPEN_CMD,Y00071,read_write_candidate,BOOL,CHEM_VALVE_008_OPEN_CMD,CHEM_VALVE_008_OPEN_CMD,io_map_fallback,io_map,True,False
289,03_VALVE_STATUS_CONTROL,valve_status,NEUTRAL_VALVE_008_OPEN_CMD,Y00072,read_write_candidate,BOOL,NEUTRAL_VALVE_008_OPEN_CMD,NEUTRAL_VALVE_008_OPEN_CMD,io_map_fallback,io_map,True,False
290,03_VALVE_STATUS_CONTROL,valve_status,RINSE_VALVE_008_OPEN_CMD,Y00073,read_write_candidate,BOOL,RINSE_VALVE_008_OPEN_CMD,RINSE_VALVE_008_OPEN_CMD,io_map_fallback,io_map,True,False
291,03_VALVE_STATUS_CONTROL,valve_status,SLUDGE_VALVE_008_OPEN_CMD,Y00074,read_write_candidate,BOOL,SLUDGE_VALVE_008_OPEN_CMD,SLUDGE_VALVE_008_OPEN_CMD,io_map_fallback,io_map,True,False
292,03_VALVE_STATUS_CONTROL,valve_status,FINAL_VALVE_008_OPEN_CMD,Y00075,read_write_candidate,BOOL,FINAL_VALVE_008_OPEN_CMD,FINAL_VALVE_008_OPEN_CMD,io_map_fallback,io_map,True,False
293,03_VALVE_STATUS_CONTROL,valve_status,INLET_VALVE_009_OPEN_CMD,Y00076,read_write_candidate,BOOL,INLET_VALVE_009_OPEN_CMD,INLET_VALVE_009_OPEN_CMD,io_map_fallback,io_map,True,False
294,03_VALVE_STATUS_CONTROL,valve_status,CHEM_VALVE_009_OPEN_CMD,Y00077,read_write_candidate,BOOL,CHEM_VALVE_009_OPEN_CMD,CHEM_VALVE_009_OPEN_CMD,io_map_fallback,io_map,True,False
295,03_VALVE_STATUS_CONTROL,valve_status,NEUTRAL_VALVE_009_OPEN_CMD,Y00078,read_write_candidate,BOOL,NEUTRAL_VALVE_009_OPEN_CMD,NEUTRAL_VALVE_009_OPEN_CMD,io_map_fallback,io_map,True,False
296,03_VALVE_STATUS_CONTROL,valve_status,RINSE_VALVE_009_OPEN_CMD,Y00079,read_write_candidate,BOOL,RINSE_VALVE_009_OPEN_CMD,RINSE_VALVE_009_OPEN_CMD,io_map_fallback,io_map,True,False
297,03_VALVE_STATUS_CONTROL,valve_status,SLUDGE_VALVE_009_OPEN_CMD,Y00080,read_write_candidate,BOOL,SLUDGE_VALVE_009_OPEN_CMD,SLUDGE_VALVE_009_OPEN_CMD,io_map_fallback,io_map,True,False
298,03_VALVE_STATUS_CONTROL,valve_status,FINAL_VALVE_009_OPEN_CMD,Y00081,read_write_candidate,BOOL,FINAL_VALVE_009_OPEN_CMD,FINAL_VALVE_009_OPEN_CMD,io_map_fallback,io_map,True,False
299,03_VALVE_STATUS_CONTROL,valve_status,INLET_VALVE_010_OPEN_CMD,Y00082,read_write_candidate,BOOL,INLET_VALVE_010_OPEN_CMD,INLET_VALVE_010_OPEN_CMD,io_map_fallback,io_map,True,False
300,03_VALVE_STATUS_CONTROL,valve_status,CHEM_VALVE_010_OPEN_CMD,Y00083,read_write_candidate,BOOL,CHEM_VALVE_010_OPEN_CMD,CHEM_VALVE_010_OPEN_CMD,io_map_fallback,io_map,True,False
301,03_VALVE_STATUS_CONTROL,valve_status,NEUTRAL_VALVE_010_OPEN_CMD,Y00084,read_write_candidate,BOOL,NEUTRAL_VALVE_010_OPEN_CMD,NEUTRAL_VALVE_010_OPEN_CMD,io_map_fallback,io_map,True,False
302,03_VALVE_STATUS_CONTROL,valve_status,RINSE_VALVE_010_OPEN_CMD,Y00085,read_write_candidate,BOOL,RINSE_VALVE_010_OPEN_CMD,RINSE_VALVE_010_OPEN_CMD,io_map_fallback,io_map,True,False
303,03_VALVE_STATUS_CONTROL,valve_status,SLUDGE_VALVE_010_OPEN_CMD,Y00086,read_write_candidate,BOOL,SLUDGE_VALVE_010_OPEN_CMD,SLUDGE_VALVE_010_OPEN_CMD,io_map_fallback,io_map,True,False
304,03_VALVE_STATUS_CONTROL,valve_status,FINAL_VALVE_010_OPEN_CMD,Y00087,read_write_candidate,BOOL,FINAL_VALVE_010_OPEN_CMD,FINAL_VALVE_010_OPEN_CMD,io_map_fallback,io_map,True,False
305,09_IO_STATUS_DETAIL,control_button_or_command,AGITATOR_01_RUN_CMD,Y00088,read_write_candidate,BOOL,AGITATOR_001_RUN_CMD,AGITATOR_001_RUN_CMD,io_map_fallback,io_map,True,False
306,09_IO_STATUS_DETAIL,control_button_or_command,AGITATOR_02_RUN_CMD,Y00089,read_write_candidate,BOOL,AGITATOR_002_RUN_CMD,AGITATOR_002_RUN_CMD,io_map_fallback,io_map,True,False
307,09_IO_STATUS_DETAIL,control_button_or_command,AGITATOR_03_RUN_CMD,Y00090,read_write_candidate,BOOL,AGITATOR_003_RUN_CMD,AGITATOR_003_RUN_CMD,io_map_fallback,io_map,True,False
308,09_IO_STATUS_DETAIL,control_button_or_command,AGITATOR_04_RUN_CMD,Y00091,read_write_candidate,BOOL,AGITATOR_004_RUN_CMD,AGITATOR_004_RUN_CMD,io_map_fallback,io_map,True,False
309,09_IO_STATUS_DETAIL,control_button_or_command,AGITATOR_05_RUN_CMD,Y00092,read_write_candidate,BOOL,AGITATOR_005_RUN_CMD,AGITATOR_005_RUN_CMD,io_map_fallback,io_map,True,False
310,09_IO_STATUS_DETAIL,control_button_or_command,AGITATOR_06_RUN_CMD,Y00093,read_write_candidate,BOOL,AGITATOR_006_RUN_CMD,AGITATOR_006_RUN_CMD,io_map_fallback,io_map,True,False
311,09_IO_STATUS_DETAIL,control_button_or_command,AGITATOR_07_RUN_CMD,Y00094,read_write_candidate,BOOL,AGITATOR_007_RUN_CMD,AGITATOR_007_RUN_CMD,io_map_fallback,io_map,True,False
312,09_IO_STATUS_DETAIL,control_button_or_command,AGITATOR_08_RUN_CMD,Y00095,read_write_candidate,BOOL,AGITATOR_008_RUN_CMD,AGITATOR_008_RUN_CMD,io_map_fallback,io_map,True,False
313,09_IO_STATUS_DETAIL,control_button_or_command,CONVEYOR_01_RUN_CMD,Y00096,read_write_candidate,BOOL,CONVEYOR_001_RUN_CMD,CONVEYOR_001_RUN_CMD,io_map_fallback,io_map,True,False
314,09_IO_STATUS_DETAIL,control_button_or_command,CONVEYOR_02_RUN_CMD,Y00097,read_write_candidate,BOOL,CONVEYOR_002_RUN_CMD,CONVEYOR_002_RUN_CMD,io_map_fallback,io_map,True,False
315,09_IO_STATUS_DETAIL,control_button_or_command,CONVEYOR_03_RUN_CMD,Y00098,read_write_candidate,BOOL,CONVEYOR_003_RUN_CMD,CONVEYOR_003_RUN_CMD,io_map_fallback,io_map,True,False
316,09_IO_STATUS_DETAIL,control_button_or_command,CONVEYOR_04_RUN_CMD,Y00099,read_write_candidate,BOOL,CONVEYOR_004_RUN_CMD,CONVEYOR_004_RUN_CMD,io_map_fallback,io_map,True,False
317,09_IO_STATUS_DETAIL,control_button_or_command,CONVEYOR_05_RUN_CMD,Y00100,read_write_candidate,BOOL,CONVEYOR_005_RUN_CMD,CONVEYOR_005_RUN_CMD,io_map_fallback,io_map,True,False
318,09_IO_STATUS_DETAIL,control_button_or_command,CONVEYOR_06_RUN_CMD,Y00101,read_write_candidate,BOOL,CONVEYOR_006_RUN_CMD,CONVEYOR_006_RUN_CMD,io_map_fallback,io_map,True,False
319,09_IO_STATUS_DETAIL,control_button_or_command,CONVEYOR_07_RUN_CMD,Y00102,read_write_candidate,BOOL,CONVEYOR_007_RUN_CMD,CONVEYOR_007_RUN_CMD,io_map_fallback,io_map,True,False
320,09_IO_STATUS_DETAIL,control_button_or_command,CONVEYOR_08_RUN_CMD,Y00103,read_write_candidate,BOOL,CONVEYOR_008_RUN_CMD,CONVEYOR_008_RUN_CMD,io_map_fallback,io_map,True,False
321,09_IO_STATUS_DETAIL,control_button_or_command,CYLINDER_01_EXTEND_CMD,Y00104,read_write_candidate,BOOL,CYLINDER_001_EXTEND_CMD,CYLINDER_001_EXTEND_CMD,io_map_fallback,io_map,True,False
322,09_IO_STATUS_DETAIL,control_button_or_command,CYLINDER_01_RETRACT_CMD,Y00105,read_write_candidate,BOOL,CYLINDER_001_RETRACT_CMD,CYLINDER_001_RETRACT_CMD,io_map_fallback,io_map,True,False
323,09_IO_STATUS_DETAIL,control_button_or_command,CYLINDER_02_EXTEND_CMD,Y00106,read_write_candidate,BOOL,CYLINDER_002_EXTEND_CMD,CYLINDER_002_EXTEND_CMD,io_map_fallback,io_map,True,False
324,09_IO_STATUS_DETAIL,control_button_or_command,CYLINDER_02_RETRACT_CMD,Y00107,read_write_candidate,BOOL,CYLINDER_002_RETRACT_CMD,CYLINDER_002_RETRACT_CMD,io_map_fallback,io_map,True,False
325,09_IO_STATUS_DETAIL,control_button_or_command,CYLINDER_03_EXTEND_CMD,Y00108,read_write_candidate,BOOL,CYLINDER_003_EXTEND_CMD,CYLINDER_003_EXTEND_CMD,io_map_fallback,io_map,True,False
326,09_IO_STATUS_DETAIL,control_button_or_command,CYLINDER_03_RETRACT_CMD,Y00109,read_write_candidate,BOOL,CYLINDER_003_RETRACT_CMD,CYLINDER_003_RETRACT_CMD,io_map_fallback,io_map,True,False
327,09_IO_STATUS_DETAIL,control_button_or_command,CYLINDER_04_EXTEND_CMD,Y00110,read_write_candidate,BOOL,CYLINDER_004_EXTEND_CMD,CYLINDER_004_EXTEND_CMD,io_map_fallback,io_map,True,False
328,09_IO_STATUS_DETAIL,control_button_or_command,CYLINDER_04_RETRACT_CMD,Y00111,read_write_candidate,BOOL,CYLINDER_004_RETRACT_CMD,CYLINDER_004_RETRACT_CMD,io_map_fallback,io_map,True,False
329,09_IO_STATUS_DETAIL,control_button_or_command,CYLINDER_05_EXTEND_CMD,Y00112,read_write_candidate,BOOL,CYLINDER_005_EXTEND_CMD,CYLINDER_005_EXTEND_CMD,io_map_fallback,io_map,True,False
330,09_IO_STATUS_DETAIL,control_button_or_command,CYLINDER_05_RETRACT_CMD,Y00113,read_write_candidate,BOOL,CYLINDER_005_RETRACT_CMD,CYLINDER_005_RETRACT_CMD,io_map_fallback,io_map,True,False
331,09_IO_STATUS_DETAIL,control_button_or_command,CYLINDER_06_EXTEND_CMD,Y00114,read_write_candidate,BOOL,CYLINDER_006_EXTEND_CMD,CYLINDER_006_EXTEND_CMD,io_map_fallback,io_map,True,False
332,09_IO_STATUS_DETAIL,control_button_or_command,CYLINDER_06_RETRACT_CMD,Y00115,read_write_candidate,BOOL,CYLINDER_006_RETRACT_CMD,CYLINDER_006_RETRACT_CMD,io_map_fallback,io_map,True,False
333,09_IO_STATUS_DETAIL,control_button_or_command,CYLINDER_07_EXTEND_CMD,Y00116,read_write_candidate,BOOL,CYLINDER_007_EXTEND_CMD,CYLINDER_007_EXTEND_CMD,io_map_fallback,io_map,True,False
334,09_IO_STATUS_DETAIL,control_button_or_command,CYLINDER_07_RETRACT_CMD,Y00117,read_write_candidate,BOOL,CYLINDER_007_RETRACT_CMD,CYLINDER_007_RETRACT_CMD,io_map_fallback,io_map,True,False
335,09_IO_STATUS_DETAIL,control_button_or_command,CYLINDER_08_EXTEND_CMD,Y00118,read_write_candidate,BOOL,CYLINDER_008_EXTEND_CMD,CYLINDER_008_EXTEND_CMD,io_map_fallback,io_map,True,False
336,09_IO_STATUS_DETAIL,control_button_or_command,CYLINDER_08_RETRACT_CMD,Y00119,read_write_candidate,BOOL,CYLINDER_008_RETRACT_CMD,CYLINDER_008_RETRACT_CMD,io_map_fallback,io_map,True,False
337,09_IO_STATUS_DETAIL,control_button_or_command,CYLINDER_09_EXTEND_CMD,Y00120,read_write_candidate,BOOL,CYLINDER_009_EXTEND_CMD,CYLINDER_009_EXTEND_CMD,io_map_fallback,io_map,True,False
338,09_IO_STATUS_DETAIL,control_button_or_command,CYLINDER_09_RETRACT_CMD,Y00121,read_write_candidate,BOOL,CYLINDER_009_RETRACT_CMD,CYLINDER_009_RETRACT_CMD,io_map_fallback,io_map,True,False
339,09_IO_STATUS_DETAIL,control_button_or_command,CYLINDER_10_EXTEND_CMD,Y00122,read_write_candidate,BOOL,CYLINDER_010_EXTEND_CMD,CYLINDER_010_EXTEND_CMD,io_map_fallback,io_map,True,False
340,09_IO_STATUS_DETAIL,control_button_or_command,CYLINDER_10_RETRACT_CMD,Y00123,read_write_candidate,BOOL,CYLINDER_010_RETRACT_CMD,CYLINDER_010_RETRACT_CMD,io_map_fallback,io_map,True,False
341,09_IO_STATUS_DETAIL,control_button_or_command,CYLINDER_11_EXTEND_CMD,Y00124,read_write_candidate,BOOL,CYLINDER_011_EXTEND_CMD,CYLINDER_011_EXTEND_CMD,io_map_fallback,io_map,True,False
342,09_IO_STATUS_DETAIL,control_button_or_command,CYLINDER_11_RETRACT_CMD,Y00125,read_write_candidate,BOOL,CYLINDER_011_RETRACT_CMD,CYLINDER_011_RETRACT_CMD,io_map_fallback,io_map,True,False
343,09_IO_STATUS_DETAIL,control_button_or_command,CYLINDER_12_EXTEND_CMD,Y00126,read_write_candidate,BOOL,CYLINDER_012_EXTEND_CMD,CYLINDER_012_EXTEND_CMD,io_map_fallback,io_map,True,False
344,09_IO_STATUS_DETAIL,control_button_or_command,CYLINDER_12_RETRACT_CMD,Y00127,read_write_candidate,BOOL,CYLINDER_012_RETRACT_CMD,CYLINDER_012_RETRACT_CMD,io_map_fallback,io_map,True,False
345,09_IO_STATUS_DETAIL,control_button_or_command,BLOWER_001_RUN_CMD,Y00128,read_write_candidate,BOOL,BLOWER_001_RUN_CMD,BLOWER_001_RUN_CMD,io_map_fallback,io_map,True,False
346,09_IO_STATUS_DETAIL,control_button_or_command,BLOWER_002_RUN_CMD,Y00129,read_write_candidate,BOOL,BLOWER_002_RUN_CMD,BLOWER_002_RUN_CMD,io_map_fallback,io_map,True,False
347,09_IO_STATUS_DETAIL,control_button_or_command,BLOWER_003_RUN_CMD,Y00130,read_write_candidate,BOOL,BLOWER_003_RUN_CMD,BLOWER_003_RUN_CMD,io_map_fallback,io_map,True,False
348,09_IO_STATUS_DETAIL,control_button_or_command,BLOWER_004_RUN_CMD,Y00131,read_write_candidate,BOOL,BLOWER_004_RUN_CMD,BLOWER_004_RUN_CMD,io_map_fallback,io_map,True,False
349,09_IO_STATUS_DETAIL,control_button_or_command,BLOWER_005_RUN_CMD,Y00132,read_write_candidate,BOOL,BLOWER_005_RUN_CMD,BLOWER_005_RUN_CMD,io_map_fallback,io_map,True,False
350,09_IO_STATUS_DETAIL,control_button_or_command,BLOWER_006_RUN_CMD,Y00133,read_write_candidate,BOOL,BLOWER_006_RUN_CMD,BLOWER_006_RUN_CMD,io_map_fallback,io_map,True,False
351,09_IO_STATUS_DETAIL,control_button_or_command,BLOWER_007_RUN_CMD,Y00134,read_write_candidate,BOOL,BLOWER_007_RUN_CMD,BLOWER_007_RUN_CMD,io_map_fallback,io_map,True,False
352,09_IO_STATUS_DETAIL,control_button_or_command,BLOWER_008_RUN_CMD,Y00135,read_write_candidate,BOOL,BLOWER_008_RUN_CMD,BLOWER_008_RUN_CMD,io_map_fallback,io_map,True,False
353,09_IO_STATUS_DETAIL,control_button_or_command,GEN_OUT_001_RUN_CMD,Y00136,read_write_candidate,BOOL,GEN_OUT_001_RUN_CMD,GEN_OUT_001_RUN_CMD,io_map_fallback,io_map,True,False
354,09_IO_STATUS_DETAIL,control_button_or_command,GEN_OUT_002_RUN_CMD,Y00137,read_write_candidate,BOOL,GEN_OUT_002_RUN_CMD,GEN_OUT_002_RUN_CMD,io_map_fallback,io_map,True,False
355,09_IO_STATUS_DETAIL,control_button_or_command,GEN_OUT_003_RUN_CMD,Y00138,read_write_candidate,BOOL,GEN_OUT_003_RUN_CMD,GEN_OUT_003_RUN_CMD,io_map_fallback,io_map,True,False
356,09_IO_STATUS_DETAIL,control_button_or_command,GEN_OUT_004_RUN_CMD,Y00139,read_write_candidate,BOOL,GEN_OUT_004_RUN_CMD,GEN_OUT_004_RUN_CMD,io_map_fallback,io_map,True,False
357,09_IO_STATUS_DETAIL,control_button_or_command,GEN_OUT_005_RUN_CMD,Y00140,read_write_candidate,BOOL,GEN_OUT_005_RUN_CMD,GEN_OUT_005_RUN_CMD,io_map_fallback,io_map,True,False
358,09_IO_STATUS_DETAIL,control_button_or_command,GEN_OUT_006_RUN_CMD,Y00141,read_write_candidate,BOOL,GEN_OUT_006_RUN_CMD,GEN_OUT_006_RUN_CMD,io_map_fallback,io_map,True,False
359,09_IO_STATUS_DETAIL,control_button_or_command,GEN_OUT_007_RUN_CMD,Y00142,read_write_candidate,BOOL,GEN_OUT_007_RUN_CMD,GEN_OUT_007_RUN_CMD,io_map_fallback,io_map,True,False
360,09_IO_STATUS_DETAIL,control_button_or_command,GEN_OUT_008_RUN_CMD,Y00143,read_write_candidate,BOOL,GEN_OUT_008_RUN_CMD,GEN_OUT_008_RUN_CMD,io_map_fallback,io_map,True,False
361,09_IO_STATUS_DETAIL,control_button_or_command,GEN_OUT_009_RUN_CMD,Y00144,read_write_candidate,BOOL,GEN_OUT_009_RUN_CMD,GEN_OUT_009_RUN_CMD,io_map_fallback,io_map,True,False
362,09_IO_STATUS_DETAIL,control_button_or_command,GEN_OUT_010_RUN_CMD,Y00145,read_write_candidate,BOOL,GEN_OUT_010_RUN_CMD,GEN_OUT_010_RUN_CMD,io_map_fallback,io_map,True,False
363,09_IO_STATUS_DETAIL,control_button_or_command,GEN_OUT_011_RUN_CMD,Y00146,read_write_candidate,BOOL,GEN_OUT_011_RUN_CMD,GEN_OUT_011_RUN_CMD,io_map_fallback,io_map,True,False
364,09_IO_STATUS_DETAIL,control_button_or_command,GEN_OUT_012_RUN_CMD,Y00147,read_write_candidate,BOOL,GEN_OUT_012_RUN_CMD,GEN_OUT_012_RUN_CMD,io_map_fallback,io_map,True,False
365,09_IO_STATUS_DETAIL,control_button_or_command,GEN_OUT_013_RUN_CMD,Y00148,read_write_candidate,BOOL,GEN_OUT_013_RUN_CMD,GEN_OUT_013_RUN_CMD,io_map_fallback,io_map,True,False
366,09_IO_STATUS_DETAIL,control_button_or_command,GEN_OUT_014_RUN_CMD,Y00149,read_write_candidate,BOOL,GEN_OUT_014_RUN_CMD,GEN_OUT_014_RUN_CMD,io_map_fallback,io_map,True,False
367,09_IO_STATUS_DETAIL,control_button_or_command,GEN_OUT_015_RUN_CMD,Y00150,read_write_candidate,BOOL,GEN_OUT_015_RUN_CMD,GEN_OUT_015_RUN_CMD,io_map_fallback,io_map,True,False
368,09_IO_STATUS_DETAIL,control_button_or_command,GEN_OUT_016_RUN_CMD,Y00151,read_write_candidate,BOOL,GEN_OUT_016_RUN_CMD,GEN_OUT_016_RUN_CMD,io_map_fallback,io_map,True,False
369,09_IO_STATUS_DETAIL,control_button_or_command,GEN_OUT_017_RUN_CMD,Y00152,read_write_candidate,BOOL,GEN_OUT_017_RUN_CMD,GEN_OUT_017_RUN_CMD,io_map_fallback,io_map,True,False
370,09_IO_STATUS_DETAIL,control_button_or_command,GEN_OUT_018_RUN_CMD,Y00153,read_write_candidate,BOOL,GEN_OUT_018_RUN_CMD,GEN_OUT_018_RUN_CMD,io_map_fallback,io_map,True,False
371,09_IO_STATUS_DETAIL,control_button_or_command,GEN_OUT_019_RUN_CMD,Y00154,read_write_candidate,BOOL,GEN_OUT_019_RUN_CMD,GEN_OUT_019_RUN_CMD,io_map_fallback,io_map,True,False
372,09_IO_STATUS_DETAIL,control_button_or_command,GEN_OUT_020_RUN_CMD,Y00155,read_write_candidate,BOOL,GEN_OUT_020_RUN_CMD,GEN_OUT_020_RUN_CMD,io_map_fallback,io_map,True,False
373,09_IO_STATUS_DETAIL,control_button_or_command,GEN_OUT_021_RUN_CMD,Y00156,read_write_candidate,BOOL,GEN_OUT_021_RUN_CMD,GEN_OUT_021_RUN_CMD,io_map_fallback,io_map,True,False
374,09_IO_STATUS_DETAIL,control_button_or_command,GEN_OUT_022_RUN_CMD,Y00157,read_write_candidate,BOOL,GEN_OUT_022_RUN_CMD,GEN_OUT_022_RUN_CMD,io_map_fallback,io_map,True,False
375,09_IO_STATUS_DETAIL,control_button_or_command,GEN_OUT_023_RUN_CMD,Y00158,read_write_candidate,BOOL,GEN_OUT_023_RUN_CMD,GEN_OUT_023_RUN_CMD,io_map_fallback,io_map,True,False
376,09_IO_STATUS_DETAIL,control_button_or_command,GEN_OUT_024_RUN_CMD,Y00159,read_write_candidate,BOOL,GEN_OUT_024_RUN_CMD,GEN_OUT_024_RUN_CMD,io_map_fallback,io_map,True,False
377,09_IO_STATUS_DETAIL,control_button_or_command,GEN_OUT_025_RUN_CMD,Y00160,read_write_candidate,BOOL,GEN_OUT_025_RUN_CMD,GEN_OUT_025_RUN_CMD,io_map_fallback,io_map,True,False
378,09_IO_STATUS_DETAIL,control_button_or_command,GEN_OUT_026_RUN_CMD,Y00161,read_write_candidate,BOOL,GEN_OUT_026_RUN_CMD,GEN_OUT_026_RUN_CMD,io_map_fallback,io_map,True,False
379,09_IO_STATUS_DETAIL,control_button_or_command,GEN_OUT_027_RUN_CMD,Y00162,read_write_candidate,BOOL,GEN_OUT_027_RUN_CMD,GEN_OUT_027_RUN_CMD,io_map_fallback,io_map,True,False
380,09_IO_STATUS_DETAIL,control_button_or_command,GEN_OUT_028_RUN_CMD,Y00163,read_write_candidate,BOOL,GEN_OUT_028_RUN_CMD,GEN_OUT_028_RUN_CMD,io_map_fallback,io_map,True,False
381,09_IO_STATUS_DETAIL,control_button_or_command,GEN_OUT_029_RUN_CMD,Y00164,read_write_candidate,BOOL,GEN_OUT_029_RUN_CMD,GEN_OUT_029_RUN_CMD,io_map_fallback,io_map,True,False
382,09_IO_STATUS_DETAIL,control_button_or_command,GEN_OUT_030_RUN_CMD,Y00165,read_write_candidate,BOOL,GEN_OUT_030_RUN_CMD,GEN_OUT_030_RUN_CMD,io_map_fallback,io_map,True,False
383,09_IO_STATUS_DETAIL,control_button_or_command,GEN_OUT_031_RUN_CMD,Y00166,read_write_candidate,BOOL,GEN_OUT_031_RUN_CMD,GEN_OUT_031_RUN_CMD,io_map_fallback,io_map,True,False
384,09_IO_STATUS_DETAIL,control_button_or_command,GEN_OUT_032_RUN_CMD,Y00167,read_write_candidate,BOOL,GEN_OUT_032_RUN_CMD,GEN_OUT_032_RUN_CMD,io_map_fallback,io_map,True,False
385,09_IO_STATUS_DETAIL,control_button_or_command,GEN_OUT_033_RUN_CMD,Y00168,read_write_candidate,BOOL,GEN_OUT_033_RUN_CMD,GEN_OUT_033_RUN_CMD,io_map_fallback,io_map,True,False
386,09_IO_STATUS_DETAIL,control_button_or_command,GEN_OUT_034_RUN_CMD,Y00169,read_write_candidate,BOOL,GEN_OUT_034_RUN_CMD,GEN_OUT_034_RUN_CMD,io_map_fallback,io_map,True,False
387,09_IO_STATUS_DETAIL,control_button_or_command,GEN_OUT_035_RUN_CMD,Y00170,read_write_candidate,BOOL,GEN_OUT_035_RUN_CMD,GEN_OUT_035_RUN_CMD,io_map_fallback,io_map,True,False
388,09_IO_STATUS_DETAIL,control_button_or_command,GEN_OUT_036_RUN_CMD,Y00171,read_write_candidate,BOOL,GEN_OUT_036_RUN_CMD,GEN_OUT_036_RUN_CMD,io_map_fallback,io_map,True,False
389,09_IO_STATUS_DETAIL,control_button_or_command,GEN_OUT_037_RUN_CMD,Y00172,read_write_candidate,BOOL,GEN_OUT_037_RUN_CMD,GEN_OUT_037_RUN_CMD,io_map_fallback,io_map,True,False
390,09_IO_STATUS_DETAIL,control_button_or_command,GEN_OUT_038_RUN_CMD,Y00173,read_write_candidate,BOOL,GEN_OUT_038_RUN_CMD,GEN_OUT_038_RUN_CMD,io_map_fallback,io_map,True,False
391,09_IO_STATUS_DETAIL,control_button_or_command,GEN_OUT_039_RUN_CMD,Y00174,read_write_candidate,BOOL,GEN_OUT_039_RUN_CMD,GEN_OUT_039_RUN_CMD,io_map_fallback,io_map,True,False
392,09_IO_STATUS_DETAIL,control_button_or_command,GEN_OUT_040_RUN_CMD,Y00175,read_write_candidate,BOOL,GEN_OUT_040_RUN_CMD,GEN_OUT_040_RUN_CMD,io_map_fallback,io_map,True,False
393,09_IO_STATUS_DETAIL,control_button_or_command,GEN_OUT_041_RUN_CMD,Y00176,read_write_candidate,BOOL,GEN_OUT_041_RUN_CMD,GEN_OUT_041_RUN_CMD,io_map_fallback,io_map,True,False
394,09_IO_STATUS_DETAIL,control_button_or_command,GEN_OUT_042_RUN_CMD,Y00177,read_write_candidate,BOOL,GEN_OUT_042_RUN_CMD,GEN_OUT_042_RUN_CMD,io_map_fallback,io_map,True,False
395,09_IO_STATUS_DETAIL,control_button_or_command,GEN_OUT_043_RUN_CMD,Y00178,read_write_candidate,BOOL,GEN_OUT_043_RUN_CMD,GEN_OUT_043_RUN_CMD,io_map_fallback,io_map,True,False
396,09_IO_STATUS_DETAIL,control_button_or_command,GEN_OUT_044_RUN_CMD,Y00179,read_write_candidate,BOOL,GEN_OUT_044_RUN_CMD,GEN_OUT_044_RUN_CMD,io_map_fallback,io_map,True,False
397,09_IO_STATUS_DETAIL,control_button_or_command,GEN_OUT_045_RUN_CMD,Y00180,read_write_candidate,BOOL,GEN_OUT_045_RUN_CMD,GEN_OUT_045_RUN_CMD,io_map_fallback,io_map,True,False
398,09_IO_STATUS_DETAIL,control_button_or_command,GEN_OUT_046_RUN_CMD,Y00181,read_write_candidate,BOOL,GEN_OUT_046_RUN_CMD,GEN_OUT_046_RUN_CMD,io_map_fallback,io_map,True,False
399,09_IO_STATUS_DETAIL,control_button_or_command,GEN_OUT_047_RUN_CMD,Y00182,read_write_candidate,BOOL,GEN_OUT_047_RUN_CMD,GEN_OUT_047_RUN_CMD,io_map_fallback,io_map,True,False
400,09_IO_STATUS_DETAIL,control_button_or_command,GEN_OUT_048_RUN_CMD,Y00183,read_write_candidate,BOOL,GEN_OUT_048_RUN_CMD,GEN_OUT_048_RUN_CMD,io_map_fallback,io_map,True,False
401,09_IO_STATUS_DETAIL,control_button_or_command,GEN_OUT_049_RUN_CMD,Y00184,read_write_candidate,BOOL,GEN_OUT_049_RUN_CMD,GEN_OUT_049_RUN_CMD,io_map_fallback,io_map,True,False
402,09_IO_STATUS_DETAIL,control_button_or_command,GEN_OUT_050_RUN_CMD,Y00185,read_write_candidate,BOOL,GEN_OUT_050_RUN_CMD,GEN_OUT_050_RUN_CMD,io_map_fallback,io_map,True,False
403,09_IO_STATUS_DETAIL,control_button_or_command,GEN_OUT_051_RUN_CMD,Y00186,read_write_candidate,BOOL,GEN_OUT_051_RUN_CMD,GEN_OUT_051_RUN_CMD,io_map_fallback,io_map,True,False
404,09_IO_STATUS_DETAIL,control_button_or_command,GEN_OUT_052_RUN_CMD,Y00187,read_write_candidate,BOOL,GEN_OUT_052_RUN_CMD,GEN_OUT_052_RUN_CMD,io_map_fallback,io_map,True,False
405,09_IO_STATUS_DETAIL,control_button_or_command,GEN_OUT_053_RUN_CMD,Y00188,read_write_candidate,BOOL,GEN_OUT_053_RUN_CMD,GEN_OUT_053_RUN_CMD,io_map_fallback,io_map,True,False
406,09_IO_STATUS_DETAIL,control_button_or_command,GEN_OUT_054_RUN_CMD,Y00189,read_write_candidate,BOOL,GEN_OUT_054_RUN_CMD,GEN_OUT_054_RUN_CMD,io_map_fallback,io_map,True,False
407,09_IO_STATUS_DETAIL,control_button_or_command,GEN_OUT_055_RUN_CMD,Y00190,read_write_candidate,BOOL,GEN_OUT_055_RUN_CMD,GEN_OUT_055_RUN_CMD,io_map_fallback,io_map,True,False
408,09_IO_STATUS_DETAIL,control_button_or_command,GEN_OUT_056_RUN_CMD,Y00191,read_write_candidate,BOOL,GEN_OUT_056_RUN_CMD,GEN_OUT_056_RUN_CMD,io_map_fallback,io_map,True,False
409,09_IO_STATUS_DETAIL,control_button_or_command,GEN_OUT_057_RUN_CMD,Y00192,read_write_candidate,BOOL,GEN_OUT_057_RUN_CMD,GEN_OUT_057_RUN_CMD,io_map_fallback,io_map,True,False
410,09_IO_STATUS_DETAIL,control_button_or_command,GEN_OUT_058_RUN_CMD,Y00193,read_write_candidate,BOOL,GEN_OUT_058_RUN_CMD,GEN_OUT_058_RUN_CMD,io_map_fallback,io_map,True,False
411,09_IO_STATUS_DETAIL,control_button_or_command,GEN_OUT_059_RUN_CMD,Y00194,read_write_candidate,BOOL,GEN_OUT_059_RUN_CMD,GEN_OUT_059_RUN_CMD,io_map_fallback,io_map,True,False
412,09_IO_STATUS_DETAIL,control_button_or_command,GEN_OUT_060_RUN_CMD,Y00195,read_write_candidate,BOOL,GEN_OUT_060_RUN_CMD,GEN_OUT_060_RUN_CMD,io_map_fallback,io_map,True,False
413,09_IO_STATUS_DETAIL,control_button_or_command,GEN_OUT_061_RUN_CMD,Y00196,read_write_candidate,BOOL,GEN_OUT_061_RUN_CMD,GEN_OUT_061_RUN_CMD,io_map_fallback,io_map,True,False
414,09_IO_STATUS_DETAIL,control_button_or_command,GEN_OUT_062_RUN_CMD,Y00197,read_write_candidate,BOOL,GEN_OUT_062_RUN_CMD,GEN_OUT_062_RUN_CMD,io_map_fallback,io_map,True,False
415,09_IO_STATUS_DETAIL,control_button_or_command,GEN_OUT_063_RUN_CMD,Y00198,read_write_candidate,BOOL,GEN_OUT_063_RUN_CMD,GEN_OUT_063_RUN_CMD,io_map_fallback,io_map,True,False
416,09_IO_STATUS_DETAIL,control_button_or_command,GEN_OUT_064_RUN_CMD,Y00199,read_write_candidate,BOOL,GEN_OUT_064_RUN_CMD,GEN_OUT_064_RUN_CMD,io_map_fallback,io_map,True,False
417,01_TANK_LEVEL_OVERVIEW,level_indicator,AI_INLET_TANK_LEVEL,D00100,read_only,REAL,AI_INLET_TANK_LEVEL,AI_INLET_TANK_LEVEL,io_map_fallback,io_map,True,False
418,01_TANK_LEVEL_OVERVIEW,level_indicator,AI_CHEM_TANK_LEVEL,D00101,read_only,REAL,AI_CHEM_TANK_LEVEL,AI_CHEM_TANK_LEVEL,io_map_fallback,io_map,True,False
419,01_TANK_LEVEL_OVERVIEW,level_indicator,AI_NEUTRAL_TANK_LEVEL,D00102,read_only,REAL,AI_NEUTRAL_TANK_LEVEL,AI_NEUTRAL_TANK_LEVEL,io_map_fallback,io_map,True,False
420,01_TANK_LEVEL_OVERVIEW,level_indicator,AI_RINSE_TANK_LEVEL,D00103,read_only,REAL,AI_RINSE_TANK_LEVEL,AI_RINSE_TANK_LEVEL,io_map_fallback,io_map,True,False
421,09_IO_STATUS_DETAIL,numeric_display,AI_PH_VALUE,D00104,read_only,REAL,AI_PH_VALUE,AI_PH_VALUE,io_map_fallback,io_map,True,False
422,05_FLOW_MONITOR,flow_status,AI_INLET_FLOW_LOW_FB,D00105,read_only,REAL,AI_INLET_FLOW_LOW_FB,AI_INLET_FLOW_LOW_FB,io_map_fallback,io_map,True,False
423,05_FLOW_MONITOR,flow_status,AI_CHEM_FLOW_LOW_FB,D00106,read_only,REAL,AI_CHEM_FLOW_LOW_FB,AI_CHEM_FLOW_LOW_FB,io_map_fallback,io_map,True,False
424,05_FLOW_MONITOR,flow_status,AI_FINAL_FLOW_LOW_FB,D00107,read_only,REAL,AI_FINAL_FLOW_LOW_FB,AI_FINAL_FLOW_LOW_FB,io_map_fallback,io_map,True,False
425,09_IO_STATUS_DETAIL,numeric_display,AI_NEUTRAL_TEMP,D00108,read_only,REAL,AI_NEUTRAL_TEMP,AI_NEUTRAL_TEMP,io_map_fallback,io_map,True,False
426,09_IO_STATUS_DETAIL,numeric_display,AI_RINSE_TEMP,D00109,read_only,REAL,AI_RINSE_TEMP,AI_RINSE_TEMP,io_map_fallback,io_map,True,False
427,09_IO_STATUS_DETAIL,numeric_display,AI_SLUDGE_PRESSURE,D00110,read_only,REAL,AI_SLUDGE_PRESSURE,AI_SLUDGE_PRESSURE,io_map_fallback,io_map,True,False
428,09_IO_STATUS_DETAIL,numeric_display,AIR_IN_001_STATUS,D00111,read_only,REAL,AIR_IN_001_STATUS,AIR_IN_001_STATUS,io_map_fallback,io_map,True,False
429,09_IO_STATUS_DETAIL,numeric_display,GEN_IN_048_STATUS,D00112,read_only,REAL,GEN_IN_048_STATUS,GEN_IN_048_STATUS,io_map_fallback,io_map,True,False
430,09_IO_STATUS_DETAIL,numeric_display,AI_HEATER_01_TEMP,D00113,read_only,REAL,AI_HEATER_01_TEMP,AI_HEATER_01_TEMP,io_map_fallback,io_map,True,False
431,09_IO_STATUS_DETAIL,numeric_display,AI_HEATER_02_TEMP,D00114,read_only,REAL,AI_HEATER_02_TEMP,AI_HEATER_02_TEMP,io_map_fallback,io_map,True,False
432,09_IO_STATUS_DETAIL,numeric_display,GEN_IN_049_STATUS,D00115,read_only,REAL,GEN_IN_049_STATUS,GEN_IN_049_STATUS,io_map_fallback,io_map,True,False
433,09_IO_STATUS_DETAIL,numeric_display,GEN_IN_050_STATUS,D00116,read_only,REAL,GEN_IN_050_STATUS,GEN_IN_050_STATUS,io_map_fallback,io_map,True,False
434,09_IO_STATUS_DETAIL,numeric_display,GEN_IN_051_STATUS,D00117,read_only,REAL,GEN_IN_051_STATUS,GEN_IN_051_STATUS,io_map_fallback,io_map,True,False
435,09_IO_STATUS_DETAIL,numeric_display,GEN_IN_052_STATUS,D00118,read_only,REAL,GEN_IN_052_STATUS,GEN_IN_052_STATUS,io_map_fallback,io_map,True,False
436,09_IO_STATUS_DETAIL,numeric_display,GEN_IN_053_STATUS,D00119,read_only,REAL,GEN_IN_053_STATUS,GEN_IN_053_STATUS,io_map_fallback,io_map,True,False
437,09_IO_STATUS_DETAIL,numeric_display,GEN_IN_054_STATUS,D00120,read_only,REAL,GEN_IN_054_STATUS,GEN_IN_054_STATUS,io_map_fallback,io_map,True,False
438,09_IO_STATUS_DETAIL,numeric_display,GEN_IN_055_STATUS,D00121,read_only,REAL,GEN_IN_055_STATUS,GEN_IN_055_STATUS,io_map_fallback,io_map,True,False
439,09_IO_STATUS_DETAIL,numeric_display,GEN_IN_056_STATUS,D00122,read_only,REAL,GEN_IN_056_STATUS,GEN_IN_056_STATUS,io_map_fallback,io_map,True,False
440,09_IO_STATUS_DETAIL,numeric_display,GEN_IN_057_STATUS,D00123,read_only,REAL,GEN_IN_057_STATUS,GEN_IN_057_STATUS,io_map_fallback,io_map,True,False
441,09_IO_STATUS_DETAIL,numeric_display,GEN_IN_058_STATUS,D00124,read_only,REAL,GEN_IN_058_STATUS,GEN_IN_058_STATUS,io_map_fallback,io_map,True,False
442,09_IO_STATUS_DETAIL,numeric_display,GEN_IN_059_STATUS,D00125,read_only,REAL,GEN_IN_059_STATUS,GEN_IN_059_STATUS,io_map_fallback,io_map,True,False
443,09_IO_STATUS_DETAIL,numeric_display,GEN_IN_060_STATUS,D00126,read_only,REAL,GEN_IN_060_STATUS,GEN_IN_060_STATUS,io_map_fallback,io_map,True,False
444,09_IO_STATUS_DETAIL,numeric_display,GEN_IN_061_STATUS,D00127,read_only,REAL,GEN_IN_061_STATUS,GEN_IN_061_STATUS,io_map_fallback,io_map,True,False
445,09_IO_STATUS_DETAIL,numeric_display,GEN_IN_062_STATUS,D00128,read_only,REAL,GEN_IN_062_STATUS,GEN_IN_062_STATUS,io_map_fallback,io_map,True,False
446,09_IO_STATUS_DETAIL,numeric_display,GEN_IN_063_STATUS,D00129,read_only,REAL,GEN_IN_063_STATUS,GEN_IN_063_STATUS,io_map_fallback,io_map,True,False
447,09_IO_STATUS_DETAIL,control_button_or_command,GEN_OUT_065_RUN_CMD,D00200,read_write_candidate,REAL,GEN_OUT_065_RUN_CMD,GEN_OUT_065_RUN_CMD,io_map_fallback,io_map,True,False
448,09_IO_STATUS_DETAIL,control_button_or_command,GEN_OUT_066_RUN_CMD,D00201,read_write_candidate,REAL,GEN_OUT_066_RUN_CMD,GEN_OUT_066_RUN_CMD,io_map_fallback,io_map,True,False
449,09_IO_STATUS_DETAIL,control_button_or_command,GEN_OUT_067_RUN_CMD,D00202,read_write_candidate,REAL,GEN_OUT_067_RUN_CMD,GEN_OUT_067_RUN_CMD,io_map_fallback,io_map,True,False
450,09_IO_STATUS_DETAIL,control_button_or_command,GEN_OUT_068_RUN_CMD,D00203,read_write_candidate,REAL,GEN_OUT_068_RUN_CMD,GEN_OUT_068_RUN_CMD,io_map_fallback,io_map,True,False
451,09_IO_STATUS_DETAIL,control_button_or_command,GEN_OUT_069_RUN_CMD,D00204,read_write_candidate,REAL,GEN_OUT_069_RUN_CMD,GEN_OUT_069_RUN_CMD,io_map_fallback,io_map,True,False
452,09_IO_STATUS_DETAIL,control_button_or_command,GEN_OUT_070_RUN_CMD,D00205,read_write_candidate,REAL,GEN_OUT_070_RUN_CMD,GEN_OUT_070_RUN_CMD,io_map_fallback,io_map,True,False
453,09_IO_STATUS_DETAIL,control_button_or_command,GEN_OUT_071_RUN_CMD,D00206,read_write_candidate,REAL,GEN_OUT_071_RUN_CMD,GEN_OUT_071_RUN_CMD,io_map_fallback,io_map,True,False
454,09_IO_STATUS_DETAIL,control_button_or_command,GEN_OUT_072_RUN_CMD,D00207,read_write_candidate,REAL,GEN_OUT_072_RUN_CMD,GEN_OUT_072_RUN_CMD,io_map_fallback,io_map,True,False
455,09_IO_STATUS_DETAIL,control_button_or_command,GEN_OUT_073_RUN_CMD,D00208,read_write_candidate,REAL,GEN_OUT_073_RUN_CMD,GEN_OUT_073_RUN_CMD,io_map_fallback,io_map,True,False
456,09_IO_STATUS_DETAIL,control_button_or_command,GEN_OUT_074_RUN_CMD,D00209,read_write_candidate,REAL,GEN_OUT_074_RUN_CMD,GEN_OUT_074_RUN_CMD,io_map_fallback,io_map,True,False
457,06_ALARM_HISTORY,alarm_message,ALM_001,NOT_ESTOP_OK,read_only,BOOL,비상정지 입력 비정상,priority=critical; condition=NOT_ESTOP_OK; HMI 알람창/이력 연결 후보,alarm_table_fallback,alarm_table,True,False
458,06_ALARM_HISTORY,alarm_message,ALM_002,NOT_SAFETY_DOOR_01_CLOSED_OR_NOT_SAFETY_DOOR_02_CLOSED,read_only,BOOL,안전문 열림,priority=critical; condition=NOT_SAFETY_DOOR_01_CLOSED_OR_NOT_SAFETY_DOOR_02_CLOSED; HMI 알람창/이력 연결 후보,alarm_table_fallback,alarm_table,True,False
459,06_ALARM_HISTORY,alarm_message,ALM_003,NOT_LEAK_DETECT_OK,read_only,BOOL,누액 감지,priority=critical; condition=NOT_LEAK_DETECT_OK; HMI 알람창/이력 연결 후보,alarm_table_fallback,alarm_table,True,False
460,06_ALARM_HISTORY,alarm_message,ALM_004,NOT_AIR_PRESSURE_OK,read_only,BOOL,공압 압력 저하,priority=high; condition=NOT_AIR_PRESSURE_OK; HMI 알람창/이력 연결 후보,alarm_table_fallback,alarm_table,True,False
461,06_ALARM_HISTORY,alarm_message,ALM_005,NOT_INLET_TANK_LEVEL_LOW_OK,read_only,BOOL,원수 유입 탱크 저수위,priority=high; condition=NOT_INLET_TANK_LEVEL_LOW_OK; HMI 알람창/이력 연결 후보,alarm_table_fallback,alarm_table,True,False
462,06_ALARM_HISTORY,alarm_message,ALM_006,INLET_TANK_LEVEL_HIGH,read_only,BOOL,원수 유입 탱크 고수위,priority=high; condition=INLET_TANK_LEVEL_HIGH; HMI 알람창/이력 연결 후보,alarm_table_fallback,alarm_table,True,False
463,06_ALARM_HISTORY,alarm_message,ALM_007,NOT_CHEM_TANK_LEVEL_LOW_OK,read_only,BOOL,약품 탱크 저수위,priority=high; condition=NOT_CHEM_TANK_LEVEL_LOW_OK; HMI 알람창/이력 연결 후보,alarm_table_fallback,alarm_table,True,False
464,06_ALARM_HISTORY,alarm_message,ALM_008,NOT_NEUTRAL_TANK_LEVEL_LOW_OK,read_only,BOOL,중화 탱크 저수위,priority=critical; condition=NOT_NEUTRAL_TANK_LEVEL_LOW_OK; HMI 알람창/이력 연결 후보,alarm_table_fallback,alarm_table,True,False
465,06_ALARM_HISTORY,alarm_message,ALM_009,NOT_HEATER_OVERTEMP_OK_OR_AI_NEUTRAL_TEMP_SP_NEUTRAL_TEMP_HH,read_only,BOOL,히터 과온,priority=critical; condition=NOT_HEATER_OVERTEMP_OK_OR_AI_NEUTRAL_TEMP_SP_NEUTRAL_TEMP_HH; HMI 알람창/이력 연결 후보,alarm_table_fallback,alarm_table,True,False
466,06_ALARM_HISTORY,alarm_message,ALM_010,NOT_PH_IN_RANGE,read_only,BOOL,pH 이상,priority=high; condition=NOT_PH_IN_RANGE; HMI 알람창/이력 연결 후보,alarm_table_fallback,alarm_table,True,False
467,06_ALARM_HISTORY,alarm_message,ALM_011,NOT_FINAL_DISCHARGE_FLOW_OK_AND_CURRENT_STEP_FINAL_DISCHARGE,read_only,BOOL,최종 배출 유량 없음,priority=high; condition=NOT_FINAL_DISCHARGE_FLOW_OK_AND_CURRENT_STEP_FINAL_DISCHARGE; HMI 알람창/이력 연결 후보,alarm_table_fallback,alarm_table,True,False
468,06_ALARM_HISTORY,alarm_message,ALM_012,NOT_CONVEYOR_JAM_OK,read_only,BOOL,컨베이어 잼,priority=high; condition=NOT_CONVEYOR_JAM_OK; HMI 알람창/이력 연결 후보,alarm_table_fallback,alarm_table,True,False
469,06_ALARM_HISTORY,alarm_message,ALM_013,NOT_SCREW_CLOG_OK_OR_NOT_SLUDGE_SCREW_TORQUE_OK,read_only,BOOL,스크류 막힘/슬러지 배출 이상,priority=high; condition=NOT_SCREW_CLOG_OK_OR_NOT_SLUDGE_SCREW_TORQUE_OK; HMI 알람창/이력 연결 후보,alarm_table_fallback,alarm_table,True,False
470,06_ALARM_HISTORY,alarm_message,ALM_014,T_VALVE_OPEN_TIMEOUT_Q_OR_T_VALVE_CLOSE_TIMEOUT_Q,read_only,BOOL,밸브 열림/닫힘 시간초과,priority=medium; condition=T_VALVE_OPEN_TIMEOUT_Q_OR_T_VALVE_CLOSE_TIMEOUT_Q; HMI 알람창/이력 연결 후보,alarm_table_fallback,alarm_table,True,False
471,06_ALARM_HISTORY,alarm_message,ALM_015,T_INLET_TIMEOUT_Q_OR_T_CHEM_DOSING_Q_OR_T_NEUTRAL_HOLD_Q_OR_T_WASH_TIMEOUT_Q_OR_T_RINSE_HOLD_Q_OR_T_SLUDGE_DISCHARGE_Q_OR_T_FINAL_DISCHARGE_Q,read_only,BOOL,공정 단계 시간초과,priority=high; condition=T_INLET_TIMEOUT_Q_OR_T_CHEM_DOSING_Q_OR_T_NEUTRAL_HOLD_Q_OR_T_WASH_TIMEOUT_Q_OR_T_RINSE_HOLD_Q_OR_T_SLUDGE_DISCHARGE_Q_OR_T_FINAL_DISCHARGE_Q; HMI 알람창/이력 연결 후보,alarm_table_fallback,alarm_table,True,False
472,06_ALARM_HISTORY,alarm_message,ALM_016,NOT_MOTOR_01_OVERLOAD_OK_OR_NOT_MOTOR_02_OVERLOAD_OK_OR_NOT_BLOWER_OVERLOAD_OK,read_only,BOOL,모터/펌프/송풍기 과부하,priority=high; condition=NOT_MOTOR_01_OVERLOAD_OK_OR_NOT_MOTOR_02_OVERLOAD_OK_OR_NOT_BLOWER_OVERLOAD_OK; HMI 알람창/이력 연결 후보,alarm_table_fallback,alarm_table,True,False
473,07_SETPOINT_RUNTIME,timer_setpoint_or_runtime,T_INLET_TIMEOUT,PT#300S,read_write_candidate,TIME_OR_NUMERIC,원수 유입 단계 시간초과 감시,타이머/카운터 설정값 또는 표시값 후보; preset=PT#300S,timer_counter_table_fallback,timer_counter_table,True,False
474,07_SETPOINT_RUNTIME,timer_setpoint_or_runtime,T_CHEM_DOSING,PT#180S,read_write_candidate,TIME_OR_NUMERIC,약품 투입 유지/시간초과 감시,타이머/카운터 설정값 또는 표시값 후보; preset=PT#180S,timer_counter_table_fallback,timer_counter_table,True,False
475,07_SETPOINT_RUNTIME,timer_setpoint_or_runtime,T_MIXING_HOLD,PT#600S,read_write_candidate,TIME_OR_NUMERIC,교반 유지 시간,타이머/카운터 설정값 또는 표시값 후보; preset=PT#600S,timer_counter_table_fallback,timer_counter_table,True,False
476,07_SETPOINT_RUNTIME,timer_setpoint_or_runtime,T_NEUTRAL_HOLD,PT#900S,read_write_candidate,TIME_OR_NUMERIC,중화 안정화 유지 시간,타이머/카운터 설정값 또는 표시값 후보; preset=PT#900S,timer_counter_table_fallback,timer_counter_table,True,False
477,07_SETPOINT_RUNTIME,timer_setpoint_or_runtime,T_WASH_TIMEOUT,PT#420S,read_write_candidate,TIME_OR_NUMERIC,세정 단계 시간초과 감시,타이머/카운터 설정값 또는 표시값 후보; preset=PT#420S,timer_counter_table_fallback,timer_counter_table,True,False
478,07_SETPOINT_RUNTIME,timer_setpoint_or_runtime,T_RINSE_HOLD,PT#300S,read_write_candidate,TIME_OR_NUMERIC,린스 유지 시간,타이머/카운터 설정값 또는 표시값 후보; preset=PT#300S,timer_counter_table_fallback,timer_counter_table,True,False
479,07_SETPOINT_RUNTIME,timer_setpoint_or_runtime,T_SLUDGE_DISCHARGE,PT#480S,read_write_candidate,TIME_OR_NUMERIC,슬러지 배출 시간초과 감시,타이머/카운터 설정값 또는 표시값 후보; preset=PT#480S,timer_counter_table_fallback,timer_counter_table,True,False
480,07_SETPOINT_RUNTIME,timer_setpoint_or_runtime,T_FINAL_DISCHARGE,PT#360S,read_write_candidate,TIME_OR_NUMERIC,최종 배출 시간초과 감시,타이머/카운터 설정값 또는 표시값 후보; preset=PT#360S,timer_counter_table_fallback,timer_counter_table,True,False
481,07_SETPOINT_RUNTIME,timer_setpoint_or_runtime,T_VALVE_OPEN_TIMEOUT,PT#15S,read_write_candidate,TIME_OR_NUMERIC,밸브 열림 피드백 시간초과,타이머/카운터 설정값 또는 표시값 후보; preset=PT#15S,timer_counter_table_fallback,timer_counter_table,True,False
482,07_SETPOINT_RUNTIME,timer_setpoint_or_runtime,T_VALVE_CLOSE_TIMEOUT,PT#15S,read_write_candidate,TIME_OR_NUMERIC,밸브 닫힘 피드백 시간초과,타이머/카운터 설정값 또는 표시값 후보; preset=PT#15S,timer_counter_table_fallback,timer_counter_table,True,False
483,07_SETPOINT_RUNTIME,timer_setpoint_or_runtime,T_PUMP_FLOW_CONFIRM,PT#10S,read_write_candidate,TIME_OR_NUMERIC,펌프 기동 후 유량 확인,타이머/카운터 설정값 또는 표시값 후보; preset=PT#10S,timer_counter_table_fallback,timer_counter_table,True,False
484,07_SETPOINT_RUNTIME,timer_setpoint_or_runtime,T_CONVEYOR_JAM_CONFIRM,PT#5S,read_write_candidate,TIME_OR_NUMERIC,컨베이어 잼 확인 지연,타이머/카운터 설정값 또는 표시값 후보; preset=PT#5S,timer_counter_table_fallback,timer_counter_table,True,False
485,07_SETPOINT_RUNTIME,timer_setpoint_or_runtime,T_HEATER_OVERTEMP_CONFIRM,PT#3S,read_write_candidate,TIME_OR_NUMERIC,히터 과온 확인 지연,타이머/카운터 설정값 또는 표시값 후보; preset=PT#3S,timer_counter_table_fallback,timer_counter_table,True,False
486,07_SETPOINT_RUNTIME,timer_setpoint_or_runtime,T_RESET_DEBOUNCE,PT#1S,read_write_candidate,TIME_OR_NUMERIC,리셋 버튼 디바운스,타이머/카운터 설정값 또는 표시값 후보; preset=PT#1S,timer_counter_table_fallback,timer_counter_table,True,False
487,07_SETPOINT_RUNTIME,timer_setpoint_or_runtime,C_CYCLE_COUNT,100000,read_write_candidate,TIME_OR_NUMERIC,전체 자동운전 사이클 카운터,타이머/카운터 설정값 또는 표시값 후보; preset=100000,timer_counter_table_fallback,timer_counter_table,True,False
488,00_SYSTEM_OPERATION,safety_permissive,SAFETY_OK,INTERNAL_BIT,read_only,BOOL,전체 안전 허가 상태,ST/Ladder 내부 상태 표시용 HMI 태그 후보,logic_internal_bit_fallback,st_draft/ladder_draft,True,False
489,06_ALARM_HISTORY,alarm_latch,FAULT_LATCH,INTERNAL_BIT,read_only,BOOL,고장 래치 상태,ST/Ladder 내부 상태 표시용 HMI 태그 후보,logic_internal_bit_fallback,st_draft/ladder_draft,True,False
490,06_ALARM_HISTORY,alarm_summary,ANY_ALARM,INTERNAL_BIT,read_only,BOOL,종합 알람 상태,ST/Ladder 내부 상태 표시용 HMI 태그 후보,logic_internal_bit_fallback,st_draft/ladder_draft,True,False
